2026-07-09 18:30:11.358 | INFO     | nemo_curator.core.utils:init_cluster:185 - Ray start command: ray start --head --node-ip-address 127.0.1.1 --port 6379 --metrics-export-port 8080 --dashboard-host 127.0.0.1 --dashboard-port 8265 --ray-client-server-port 10001 --temp-dir /tmp/ray --disable-usage-stats --block
2026-07-09 18:30:12,703 - INFO - Note: NumExpr detected 32 cores but "NUMEXPR_MAX_THREADS" not set, so enforcing safe limit of 16.
2026-07-09 18:30:12,703 - INFO - NumExpr defaulting to 16 threads.
2026-07-09 18:30:16,329	WARNING services.py:2168 -- WARNING: The object store is using /tmp instead of /dev/shm because /dev/shm has only 8589934592 bytes available. This will harm performance! You may be able to free up space by deleting files in /dev/shm. If you are inside a Docker container, you can increase /dev/shm size by passing '--shm-size=10.24gb' to 'docker run' (or add it to the run_options list in a Ray cluster config). Make sure to set this to more than 30% of available RAM.
2026-07-09 18:30:13,211	INFO usage_lib.py:447 -- Usage stats collection is disabled.
2026-07-09 18:30:13,212	INFO scripts.py:936 -- [37mLocal node IP[39m: [1m127.0.1.1[22m
2026-07-09 18:30:18,449	SUCC scripts.py:975 -- [32m--------------------[39m
2026-07-09 18:30:18,449	SUCC scripts.py:976 -- [32mRay runtime started.[39m
2026-07-09 18:30:18,449	SUCC scripts.py:977 -- [32m--------------------[39m
2026-07-09 18:30:18,449	INFO scripts.py:979 -- [36mNext steps[39m
2026-07-09 18:30:18,449	INFO scripts.py:982 -- To add another node to this Ray cluster, run
2026-07-09 18:30:18,449	INFO scripts.py:985 -- [1m  ray start --address='127.0.1.1:6379'[22m
2026-07-09 18:30:18,449	INFO scripts.py:996 -- To connect to this Ray cluster:
2026-07-09 18:30:18,449	INFO scripts.py:998 -- [35mimport[39m[26m ray
2026-07-09 18:30:18,449	INFO scripts.py:999 -- ray[35m.[39m[26minit(_node_ip_address[35m=[39m[26m[33m'127.0.1.1'[39m[26m)
2026-07-09 18:30:18,449	INFO scripts.py:1013 -- To submit a Ray job using the Ray Jobs CLI:
2026-07-09 18:30:18,449	INFO scripts.py:1014 -- [1m  RAY_API_SERVER_ADDRESS='http://127.0.0.1:8265' ray job submit --working-dir . -- python my_script.py[22m
2026-07-09 18:30:18,449	INFO scripts.py:1023 -- See https://docs.ray.io/en/latest/cluster/running-applications/job-submission/index.html 
2026-07-09 18:30:18,449	INFO scripts.py:1027 -- for more information on submitting Ray jobs to the Ray cluster.
2026-07-09 18:30:18,449	INFO scripts.py:1032 -- To terminate the Ray runtime, run
2026-07-09 18:30:18,449	INFO scripts.py:1033 -- [1m  ray stop[22m
2026-07-09 18:30:18,449	INFO scripts.py:1036 -- To view the status of the cluster, use
2026-07-09 18:30:18,449	INFO scripts.py:1037 --   [1mray status[22m[26m
2026-07-09 18:30:18,449	INFO scripts.py:1041 -- To monitor and debug Ray, view the dashboard at 
2026-07-09 18:30:18,449	INFO scripts.py:1042 --   [1m127.0.0.1:8265[22m[26m
2026-07-09 18:30:18,449	INFO scripts.py:1049 -- [4mIf connection to the dashboard fails, check your firewall settings and network configuration.[24m
2026-07-09 18:30:18,449	INFO scripts.py:1155 -- [36m[1m--block[22m[39m
2026-07-09 18:30:18,449	INFO scripts.py:1156 -- This command will now block forever until terminated by a signal.
2026-07-09 18:30:18,449	INFO scripts.py:1159 -- Running subprocesses are monitored and a message will be printed if any of them terminate unexpectedly. Subprocesses exit with SIGTERM will be treated as graceful, thus NOT reported.
2026-07-09 18:30:18,449	INFO scripts.py:1164 -- Process exit logs will be saved to: [1m/tmp/ray/session_2026-07-09_18-30-13_212342_141/logs/ray_process_exit.log[22m[26m
2026-07-09 18:30:20.308 | INFO     | nemo_curator.pipeline.pipeline:add_stage:61 - Added stage 'jsonl_reader' to pipeline 'nim_curator_diverse_qa'
2026-07-09 18:30:20.322 | INFO     | nemo_curator.pipeline.pipeline:add_stage:61 - Added stage 'token_count' to pipeline 'nim_curator_diverse_qa'
2026-07-09 18:30:20.322 | INFO     | nemo_curator.pipeline.pipeline:add_stage:61 - Added stage 'document_splitter' to pipeline 'nim_curator_diverse_qa'
2026-07-09 18:30:20.322 | INFO     | nemo_curator.pipeline.pipeline:add_stage:61 - Added stage 'token_count' to pipeline 'nim_curator_diverse_qa'
2026-07-09 18:30:20.322 | INFO     | nemo_curator.pipeline.pipeline:add_stage:61 - Added stage 'document_joiner' to pipeline 'nim_curator_diverse_qa'
2026-07-09 18:30:20.322 | INFO     | nemo_curator.pipeline.pipeline:add_stage:61 - Added stage 'filter_fn' to pipeline 'nim_curator_diverse_qa'
2026-07-09 18:30:20.322 | INFO     | nemo_curator.pipeline.pipeline:add_stage:61 - Added stage 'NemotronCCBaseStage' to pipeline 'nim_curator_diverse_qa'
2026-07-09 18:30:20.330 | INFO     | nemo_curator.utils.file_utils:check_output_mode:342 - Overwrite mode: output directory /workspace/curator_dataset/experiments/20260709-ultra-550b-smoke/runs/curator/nim_curated/super-v3/raw does not exist; nothing to remove
2026-07-09 18:30:20.330 | INFO     | nemo_curator.pipeline.pipeline:add_stage:61 - Added stage 'jsonl_writer' to pipeline 'nim_curator_diverse_qa'
2026-07-09 18:30:20.330 | INFO     | nemo_curator.pipeline.pipeline:build:70 - Planning pipeline: nim_curator_diverse_qa
2026-07-09 18:30:20.330 | INFO     | nemo_curator.pipeline.pipeline:_decompose_stages:106 - Decomposing composite stage: jsonl_reader
2026-07-09 18:30:20.330 | INFO     | nemo_curator.pipeline.pipeline:_decompose_stages:120 - Expanded 'jsonl_reader' into 2 execution stages
2026-07-09 18:30:20.332 | INFO     | nemo_curator.backends.xenna.executor:execute:135 - Execution mode: STREAMING
2026-07-09 18:30:20,332	INFO worker.py:1669 -- Using address 127.0.1.1:6379 set in the environment variable RAY_ADDRESS
2026-07-09 18:30:20,334	INFO worker.py:1810 -- Connecting to existing Ray cluster at address: 127.0.1.1:6379...
2026-07-09 18:30:20,342	INFO worker.py:2004 -- Connected to Ray cluster. View the dashboard at [1m[32mhttp://127.0.0.1:8265 [39m[22m
/opt/venv/lib/python3.12/site-packages/ray/_private/worker.py:2052: FutureWarning: Tip: In future versions of Ray, Ray will no longer override accelerator visible devices env var if num_gpus=0 or num_gpus=None (default). To enable this behavior and turn off this error message, set RAY_ACCEL_ENV_VAR_OVERRIDE_ON_ZERO=0
  warnings.warn(
2026-07-09 18:30:22.990 | INFO     | nemo_curator.backends.xenna.adapter:required_resources:71 - Resources: Resources(cpus=0.5, gpu_memory_gb=0.0, gpus=0.0)
2026-07-09 18:30:22.990 | INFO     | nemo_curator.backends.xenna.adapter:required_resources:71 - Resources: Resources(cpus=1.0, gpu_memory_gb=0.0, gpus=0.0)
2026-07-09 18:30:22.991 | INFO     | nemo_curator.backends.xenna.adapter:required_resources:71 - Resources: Resources(cpus=1.0, gpu_memory_gb=0.0, gpus=0.0)
2026-07-09 18:30:22.991 | INFO     | nemo_curator.backends.xenna.adapter:required_resources:71 - Resources: Resources(cpus=1.0, gpu_memory_gb=0.0, gpus=0.0)
2026-07-09 18:30:22.991 | INFO     | nemo_curator.backends.xenna.adapter:required_resources:71 - Resources: Resources(cpus=1.0, gpu_memory_gb=0.0, gpus=0.0)
2026-07-09 18:30:22.991 | INFO     | nemo_curator.backends.xenna.adapter:required_resources:71 - Resources: Resources(cpus=1.0, gpu_memory_gb=0.0, gpus=0.0)
2026-07-09 18:30:22.991 | INFO     | nemo_curator.backends.xenna.adapter:required_resources:71 - Resources: Resources(cpus=1.0, gpu_memory_gb=0.0, gpus=0.0)
2026-07-09 18:30:22.991 | INFO     | nemo_curator.backends.xenna.adapter:required_resources:71 - Resources: Resources(cpus=1.0, gpu_memory_gb=0.0, gpus=0.0)
2026-07-09 18:30:22.991 | INFO     | nemo_curator.backends.xenna.adapter:required_resources:71 - Resources: Resources(cpus=1.0, gpu_memory_gb=0.0, gpus=0.0)
2026-07-09 18:30:22.988 | INFO     | cosmos_xenna.pipelines.private.pipelines:run_pipeline:472 - PipelineSpec:
  config: PipelineConfig(execution_mode=<ExecutionMode.STREAMING: 0>, num_setup_attempts_python=1, num_run_attempts_python=1, max_setup_failure_percentage=None, ignore_failures=False, reset_workers_on_failure=False, slots_per_actor=2, enable_work_stealing=False, max_tasks_to_poll_per_chunk=8, worker_max_lifetime_m=0, worker_restart_interval_m=1, logging_interval_s=60, failures_return_nones=False, return_last_stage_outputs=True, actor_pool_verbosity_level=<VerbosityLevel.INFO: 1>, monitoring_verbosity_level=<VerbosityLevel.INFO: 1>, mode_specific=StreamingSpecificSpec(autoscale_interval_s=180, autoscale_speed_estimation_window_duration_s=180.0, autoscale_speed_estimation_min_data_points=5, max_queued_multiplier=1.0, max_queued_lower_bound=8, autoscaler_verbosity_level=<VerbosityLevel.INFO: 1>, executor_verbosity_level=<VerbosityLevel.INFO: 1>), log_worker_allocation_layout=True, cpu_allocation_percentage=0.95, clear_cuda_visible_devices_on_cpu_actors=True)
  job_info: None
  serving_queues: None
  Stage 0:
   class_name: FilePartitioningStage
   required_resources: Resources(cpus=0.5, gpus=0, is_spmd=false)
      num_workers: None
      num_workers_per_node: 1
      num_setup_attempts_python: 1
      num_run_attempts_python: 1
      ignore_failures: False
      reset_workers_on_failure: False
      slots_per_actor: 2
      worker_max_lifetime_m: 0
      worker_restart_interval_m: 1
      max_setup_failure_percentage: None
      over_provision_factor: None
  Stage 1:
   class_name: JsonlReaderStage
   required_resources: Resources(cpus=1, gpus=0, is_spmd=false)
      num_workers: None
      num_workers_per_node: None
      num_setup_attempts_python: 1
      num_run_attempts_python: 1
      ignore_failures: False
      reset_workers_on_failure: False
      slots_per_actor: 2
      worker_max_lifetime_m: 0
      worker_restart_interval_m: 1
      max_setup_failure_percentage: None
      over_provision_factor: None
  Stage 2:
   class_name: ScoreFilter
   required_resources: Resources(cpus=1, gpus=0, is_spmd=false)
      num_workers: None
      num_workers_per_node: None
      num_setup_attempts_python: 1
      num_run_attempts_python: 1
      ignore_failures: False
      reset_workers_on_failure: False
      slots_per_actor: 2
      worker_max_lifetime_m: 0
      worker_restart_interval_m: 1
      max_setup_failure_percentage: None
      over_provision_factor: None
  Stage 3:
   class_name: DocumentSplitter
   required_resources: Resources(cpus=1, gpus=0, is_spmd=false)
      num_workers: None
      num_workers_per_node: None
      num_setup_attempts_python: 1
      num_run_attempts_python: 1
      ignore_failures: False
      reset_workers_on_failure: False
      slots_per_actor: 2
      worker_max_lifetime_m: 0
      worker_restart_interval_m: 1
      max_setup_failure_percentage: None
      over_provision_factor: None
  Stage 4:
   class_name: ScoreFilter
   required_resources: Resources(cpus=1, gpus=0, is_spmd=false)
      num_workers: None
      num_workers_per_node: None
      num_setup_attempts_python: 1
      num_run_attempts_python: 1
      ignore_failures: False
      reset_workers_on_failure: False
      slots_per_actor: 2
      worker_max_lifetime_m: 0
      worker_restart_interval_m: 1
      max_setup_failure_percentage: None
      over_provision_factor: None
  Stage 5:
   class_name: DocumentJoiner
   required_resources: Resources(cpus=1, gpus=0, is_spmd=false)
      num_workers: None
      num_workers_per_node: None
      num_setup_attempts_python: 1
      num_run_attempts_python: 1
      ignore_failures: False
      reset_workers_on_failure: False
      slots_per_actor: 2
      worker_max_lifetime_m: 0
      worker_restart_interval_m: 1
      max_setup_failure_percentage: None
      over_provision_factor: None
  Stage 6:
   class_name: Filter
   required_resources: Resources(cpus=1, gpus=0, is_spmd=false)
      num_workers: None
      num_workers_per_node: None
      num_setup_attempts_python: 1
      num_run_attempts_python: 1
      ignore_failures: False
      reset_workers_on_failure: False
      slots_per_actor: 2
      worker_max_lifetime_m: 0
      worker_restart_interval_m: 1
      max_setup_failure_percentage: None
      over_provision_factor: None
  Stage 7:
   class_name: DiverseQAStage
   required_resources: Resources(cpus=1, gpus=0, is_spmd=false)
      num_workers: None
      num_workers_per_node: None
      num_setup_attempts_python: 1
      num_run_attempts_python: 1
      ignore_failures: False
      reset_workers_on_failure: False
      slots_per_actor: 2
      worker_max_lifetime_m: 0
      worker_restart_interval_m: 1
      max_setup_failure_percentage: None
      over_provision_factor: None
  Stage 8:
   class_name: JsonlWriter
   required_resources: Resources(cpus=1, gpus=0, is_spmd=false)
      num_workers: None
      num_workers_per_node: None
      num_setup_attempts_python: 1
      num_run_attempts_python: 1
      ignore_failures: False
      reset_workers_on_failure: False
      slots_per_actor: 2
      worker_max_lifetime_m: 0
      worker_restart_interval_m: 1
      max_setup_failure_percentage: None
      over_provision_factor: None

2026-07-09 18:30:22.991 | INFO     | cosmos_xenna.pipelines.private.pipelines:run_pipeline:474 - Initialized Ray cluster.
2026-07-09 18:30:22,991	INFO worker.py:1669 -- Using address 127.0.1.1:6379 set in the environment variable RAY_ADDRESS
2026-07-09 18:30:22,992	INFO worker.py:1810 -- Connecting to existing Ray cluster at address: 127.0.1.1:6379...
2026-07-09 18:30:22,992	INFO worker.py:1831 -- Calling ray.init() again after it has already been called.
2026-07-09 18:30:22.992 | INFO     | cosmos_xenna.ray_utils.cluster:init_or_connect_to_cluster:95 - Ray dashboard url: 127.0.0.1:8265
2026-07-09 18:30:24.567 | INFO     | nemo_curator.backends.xenna.adapter:required_resources:71 - Resources: Resources(cpus=0.5, gpu_memory_gb=0.0, gpus=0.0)
2026-07-09 18:30:24.568 | INFO     | nemo_curator.backends.xenna.adapter:required_resources:71 - Resources: Resources(cpus=1.0, gpu_memory_gb=0.0, gpus=0.0)
2026-07-09 18:30:24.568 | INFO     | nemo_curator.backends.xenna.adapter:required_resources:71 - Resources: Resources(cpus=1.0, gpu_memory_gb=0.0, gpus=0.0)
2026-07-09 18:30:24.568 | INFO     | nemo_curator.backends.xenna.adapter:required_resources:71 - Resources: Resources(cpus=1.0, gpu_memory_gb=0.0, gpus=0.0)
2026-07-09 18:30:24.568 | INFO     | nemo_curator.backends.xenna.adapter:required_resources:71 - Resources: Resources(cpus=1.0, gpu_memory_gb=0.0, gpus=0.0)
2026-07-09 18:30:24.568 | INFO     | nemo_curator.backends.xenna.adapter:required_resources:71 - Resources: Resources(cpus=1.0, gpu_memory_gb=0.0, gpus=0.0)
2026-07-09 18:30:24.568 | INFO     | nemo_curator.backends.xenna.adapter:required_resources:71 - Resources: Resources(cpus=1.0, gpu_memory_gb=0.0, gpus=0.0)
2026-07-09 18:30:24.568 | INFO     | nemo_curator.backends.xenna.adapter:required_resources:71 - Resources: Resources(cpus=1.0, gpu_memory_gb=0.0, gpus=0.0)
2026-07-09 18:30:24.568 | INFO     | nemo_curator.backends.xenna.adapter:required_resources:71 - Resources: Resources(cpus=1.0, gpu_memory_gb=0.0, gpus=0.0)
2026-07-09 18:30:24.568 | INFO     | cosmos_xenna.pipelines.private.pipelines:run_pipeline:484 - Cluster resources: ClusterResources(nodes={'2665479a297ddda1e88d90500cb061cf75804d3c3e99db2c28f2bea8': NodeResources(used_cpus=0.0, total_cpus=30, gpus=[GpuResources(index=0, uuid_=UUID('c6854cfb-9355-b88b-441e-deb7a0598f3d'), used_fraction=0.0), GpuResources(index=1, uuid_=UUID('031cf14c-597d-2a7f-d599-2edabd72327c'), used_fraction=0.0)], name='2665479a297ddda1e88d90500cb061cf75804d3c3e99db2c28f2bea8')})
2026-07-09 18:30:24.568 | INFO     | cosmos_xenna.pipelines.private.pipelines:run_pipeline:485 - Created/connected to cluster with resources: PoolOfResources(cpus=30, gpus=2)
2026-07-09 18:30:24.568 | INFO     | nemo_curator.backends.xenna.adapter:required_resources:71 - Resources: Resources(cpus=0.5, gpu_memory_gb=0.0, gpus=0.0)
2026-07-09 18:30:24.568 | INFO     | nemo_curator.backends.xenna.adapter:required_resources:71 - Resources: Resources(cpus=1.0, gpu_memory_gb=0.0, gpus=0.0)
2026-07-09 18:30:24.568 | INFO     | nemo_curator.backends.xenna.adapter:required_resources:71 - Resources: Resources(cpus=1.0, gpu_memory_gb=0.0, gpus=0.0)
2026-07-09 18:30:24.568 | INFO     | nemo_curator.backends.xenna.adapter:required_resources:71 - Resources: Resources(cpus=1.0, gpu_memory_gb=0.0, gpus=0.0)
2026-07-09 18:30:24.568 | INFO     | nemo_curator.backends.xenna.adapter:required_resources:71 - Resources: Resources(cpus=1.0, gpu_memory_gb=0.0, gpus=0.0)
2026-07-09 18:30:24.568 | INFO     | nemo_curator.backends.xenna.adapter:required_resources:71 - Resources: Resources(cpus=1.0, gpu_memory_gb=0.0, gpus=0.0)
2026-07-09 18:30:24.568 | INFO     | nemo_curator.backends.xenna.adapter:required_resources:71 - Resources: Resources(cpus=1.0, gpu_memory_gb=0.0, gpus=0.0)
2026-07-09 18:30:24.568 | INFO     | nemo_curator.backends.xenna.adapter:required_resources:71 - Resources: Resources(cpus=1.0, gpu_memory_gb=0.0, gpus=0.0)
2026-07-09 18:30:24.568 | INFO     | nemo_curator.backends.xenna.adapter:required_resources:71 - Resources: Resources(cpus=1.0, gpu_memory_gb=0.0, gpus=0.0)
2026-07-09 18:30:24.568 | INFO     | nemo_curator.backends.xenna.adapter:required_resources:71 - Resources: Resources(cpus=0.5, gpu_memory_gb=0.0, gpus=0.0)
2026-07-09 18:30:24.568 | INFO     | nemo_curator.backends.xenna.adapter:required_resources:71 - Resources: Resources(cpus=0.5, gpu_memory_gb=0.0, gpus=0.0)
2026-07-09 18:30:24.568 | INFO     | nemo_curator.backends.xenna.adapter:required_resources:71 - Resources: Resources(cpus=1.0, gpu_memory_gb=0.0, gpus=0.0)
2026-07-09 18:30:24.568 | INFO     | nemo_curator.backends.xenna.adapter:required_resources:71 - Resources: Resources(cpus=1.0, gpu_memory_gb=0.0, gpus=0.0)
2026-07-09 18:30:24.568 | INFO     | nemo_curator.backends.xenna.adapter:required_resources:71 - Resources: Resources(cpus=1.0, gpu_memory_gb=0.0, gpus=0.0)
2026-07-09 18:30:24.568 | INFO     | nemo_curator.backends.xenna.adapter:required_resources:71 - Resources: Resources(cpus=1.0, gpu_memory_gb=0.0, gpus=0.0)
2026-07-09 18:30:24.568 | INFO     | nemo_curator.backends.xenna.adapter:required_resources:71 - Resources: Resources(cpus=1.0, gpu_memory_gb=0.0, gpus=0.0)
2026-07-09 18:30:24.568 | INFO     | nemo_curator.backends.xenna.adapter:required_resources:71 - Resources: Resources(cpus=1.0, gpu_memory_gb=0.0, gpus=0.0)
2026-07-09 18:30:24.568 | INFO     | nemo_curator.backends.xenna.adapter:required_resources:71 - Resources: Resources(cpus=1.0, gpu_memory_gb=0.0, gpus=0.0)
2026-07-09 18:30:24.568 | INFO     | nemo_curator.backends.xenna.adapter:required_resources:71 - Resources: Resources(cpus=1.0, gpu_memory_gb=0.0, gpus=0.0)
2026-07-09 18:30:24.569 | INFO     | nemo_curator.backends.xenna.adapter:required_resources:71 - Resources: Resources(cpus=1.0, gpu_memory_gb=0.0, gpus=0.0)
2026-07-09 18:30:24.569 | INFO     | nemo_curator.backends.xenna.adapter:required_resources:71 - Resources: Resources(cpus=1.0, gpu_memory_gb=0.0, gpus=0.0)
2026-07-09 18:30:24.569 | INFO     | nemo_curator.backends.xenna.adapter:required_resources:71 - Resources: Resources(cpus=1.0, gpu_memory_gb=0.0, gpus=0.0)
2026-07-09 18:30:24.569 | INFO     | nemo_curator.backends.xenna.adapter:required_resources:71 - Resources: Resources(cpus=1.0, gpu_memory_gb=0.0, gpus=0.0)
2026-07-09 18:30:24.569 | INFO     | nemo_curator.backends.xenna.adapter:required_resources:71 - Resources: Resources(cpus=1.0, gpu_memory_gb=0.0, gpus=0.0)
2026-07-09 18:30:24.569 | INFO     | nemo_curator.backends.xenna.adapter:required_resources:71 - Resources: Resources(cpus=1.0, gpu_memory_gb=0.0, gpus=0.0)
2026-07-09 18:30:24.569 | INFO     | nemo_curator.backends.xenna.adapter:required_resources:71 - Resources: Resources(cpus=1.0, gpu_memory_gb=0.0, gpus=0.0)
2026-07-09 18:30:24.569 | INFO     | nemo_curator.backends.xenna.adapter:required_resources:71 - Resources: Resources(cpus=1.0, gpu_memory_gb=0.0, gpus=0.0)
2026-07-09 18:30:24.569 | INFO     | nemo_curator.backends.xenna.adapter:required_resources:71 - Resources: Resources(cpus=0.5, gpu_memory_gb=0.0, gpus=0.0)
2026-07-09 18:30:24.569 | INFO     | nemo_curator.backends.xenna.adapter:required_resources:71 - Resources: Resources(cpus=1.0, gpu_memory_gb=0.0, gpus=0.0)
2026-07-09 18:30:24.569 | INFO     | nemo_curator.backends.xenna.adapter:required_resources:71 - Resources: Resources(cpus=1.0, gpu_memory_gb=0.0, gpus=0.0)
2026-07-09 18:30:24.569 | INFO     | nemo_curator.backends.xenna.adapter:required_resources:71 - Resources: Resources(cpus=1.0, gpu_memory_gb=0.0, gpus=0.0)
2026-07-09 18:30:24.569 | INFO     | nemo_curator.backends.xenna.adapter:required_resources:71 - Resources: Resources(cpus=1.0, gpu_memory_gb=0.0, gpus=0.0)
2026-07-09 18:30:24.569 | INFO     | nemo_curator.backends.xenna.adapter:required_resources:71 - Resources: Resources(cpus=1.0, gpu_memory_gb=0.0, gpus=0.0)
2026-07-09 18:30:24.569 | INFO     | nemo_curator.backends.xenna.adapter:required_resources:71 - Resources: Resources(cpus=1.0, gpu_memory_gb=0.0, gpus=0.0)
2026-07-09 18:30:24.569 | INFO     | nemo_curator.backends.xenna.adapter:required_resources:71 - Resources: Resources(cpus=1.0, gpu_memory_gb=0.0, gpus=0.0)
2026-07-09 18:30:24.569 | INFO     | nemo_curator.backends.xenna.adapter:required_resources:71 - Resources: Resources(cpus=1.0, gpu_memory_gb=0.0, gpus=0.0)
2026-07-09 18:30:26.290 | INFO     | cosmos_xenna.pipelines.private.monitoring:update:339 - Pipeline stats:
Pipeline Stats:
Pipeline duration: 0.02864096959431966 minutes
Number of initial input samples: 1
Number of input samples remaining: 1
Streaming pipeline main loop rate: 0

Cluster Resources:
╒══════════════════════════╤═════════╤═════════════╕
│ Resource                 │   Total │   Available │
╞══════════════════════════╪═════════╪═════════════╡
│ CPUs                     │  32     │      31     │
├──────────────────────────┼─────────┼─────────────┤
│ GPUs                     │   2     │       2     │
├──────────────────────────┼─────────┼─────────────┤
│ Memory (GB)              │ 191.244 │     191.244 │
├──────────────────────────┼─────────┼─────────────┤
│ Object Store Memory (GB) │  10     │      10     │
╘══════════════════════════╧═════════╧═════════════╛

Resource Usage by Stage:
╒══════════════════════════════════╤═════════╤═══════════════╤═══════════════╤════════════════════╤══════════════════════════╕
│ Stage                            │   CPU % │   Memory (GB) │   Actor Count │   CPU % per worker │   Memory (GB) per worker │
╞══════════════════════════════════╪═════════╪═══════════════╪═══════════════╪════════════════════╪══════════════════════════╡
│ Stage 00 - FilePartitioningStage │       0 │             0 │             0 │                  0 │                        0 │
├──────────────────────────────────┼─────────┼───────────────┼───────────────┼────────────────────┼──────────────────────────┤
│ Stage 01 - JsonlReaderStage      │       0 │             0 │             0 │                  0 │                        0 │
├──────────────────────────────────┼─────────┼───────────────┼───────────────┼────────────────────┼──────────────────────────┤
│ Stage 02 - ScoreFilter           │       0 │             0 │             0 │                  0 │                        0 │
├──────────────────────────────────┼─────────┼───────────────┼───────────────┼────────────────────┼──────────────────────────┤
│ Stage 03 - DocumentSplitter      │       0 │             0 │             0 │                  0 │                        0 │
├──────────────────────────────────┼─────────┼───────────────┼───────────────┼────────────────────┼──────────────────────────┤
│ Stage 04 - ScoreFilter           │       0 │             0 │             0 │                  0 │                        0 │
├──────────────────────────────────┼─────────┼───────────────┼───────────────┼────────────────────┼──────────────────────────┤
│ Stage 05 - DocumentJoiner        │       0 │             0 │             0 │                  0 │                        0 │
├──────────────────────────────────┼─────────┼───────────────┼───────────────┼────────────────────┼──────────────────────────┤
│ Stage 06 - Filter                │       0 │             0 │             0 │                  0 │                        0 │
├──────────────────────────────────┼─────────┼───────────────┼───────────────┼────────────────────┼──────────────────────────┤
│ Stage 07 - DiverseQAStage        │       0 │             0 │             0 │                  0 │                        0 │
├──────────────────────────────────┼─────────┼───────────────┼───────────────┼────────────────────┼──────────────────────────┤
│ Stage 08 - JsonlWriter           │       0 │             0 │             0 │                  0 │                        0 │
╘══════════════════════════════════╧═════════╧═══════════════╧═══════════════╧════════════════════╧══════════════════════════╛

Stage state:
╒══════════════════════════════════╤═══════════╤═══════════╤═══════════╤═══════════╤═══════════╤═════════════╤═════════════════╤══════════════╤═══════════════╤════════════╤═════════════╤═════════════════╕
│ Stage                            │   Actors: │   Actors: │   Actors: │   Actors: │   Actors: │      Tasks: │          Tasks: │       Queue: │        Queue: │     Slots: │      Slots: │ Speed:          │
│                                  │    Target │   Pending │     Ready │   Running │      Idle │   Completed │   Returned None │   Input Size │   Output Size │   Num Used │   Num Empty │ Tasks/actor/s   │
╞══════════════════════════════════╪═══════════╪═══════════╪═══════════╪═══════════╪═══════════╪═════════════╪═════════════════╪══════════════╪═══════════════╪════════════╪═════════════╪═════════════════╡
│ Stage 00 - FilePartitioningStage │         0 │         0 │         0 │         0 │         0 │           0 │               0 │            0 │             0 │          0 │           0 │                 │
├──────────────────────────────────┼───────────┼───────────┼───────────┼───────────┼───────────┼─────────────┼─────────────────┼──────────────┼───────────────┼────────────┼─────────────┼─────────────────┤
│ Stage 01 - JsonlReaderStage      │         0 │         0 │         0 │         0 │         0 │           0 │               0 │            0 │             0 │          0 │           0 │                 │
├──────────────────────────────────┼───────────┼───────────┼───────────┼───────────┼───────────┼─────────────┼─────────────────┼──────────────┼───────────────┼────────────┼─────────────┼─────────────────┤
│ Stage 02 - ScoreFilter           │         0 │         0 │         0 │         0 │         0 │           0 │               0 │            0 │             0 │          0 │           0 │                 │
├──────────────────────────────────┼───────────┼───────────┼───────────┼───────────┼───────────┼─────────────┼─────────────────┼──────────────┼───────────────┼────────────┼─────────────┼─────────────────┤
│ Stage 03 - DocumentSplitter      │         0 │         0 │         0 │         0 │         0 │           0 │               0 │            0 │             0 │          0 │           0 │                 │
├──────────────────────────────────┼───────────┼───────────┼───────────┼───────────┼───────────┼─────────────┼─────────────────┼──────────────┼───────────────┼────────────┼─────────────┼─────────────────┤
│ Stage 04 - ScoreFilter           │         0 │         0 │         0 │         0 │         0 │           0 │               0 │            0 │             0 │          0 │           0 │                 │
├──────────────────────────────────┼───────────┼───────────┼───────────┼───────────┼───────────┼─────────────┼─────────────────┼──────────────┼───────────────┼────────────┼─────────────┼─────────────────┤
│ Stage 05 - DocumentJoiner        │         0 │         0 │         0 │         0 │         0 │           0 │               0 │            0 │             0 │          0 │           0 │                 │
├──────────────────────────────────┼───────────┼───────────┼───────────┼───────────┼───────────┼─────────────┼─────────────────┼──────────────┼───────────────┼────────────┼─────────────┼─────────────────┤
│ Stage 06 - Filter                │         0 │         0 │         0 │         0 │         0 │           0 │               0 │            0 │             0 │          0 │           0 │                 │
├──────────────────────────────────┼───────────┼───────────┼───────────┼───────────┼───────────┼─────────────┼─────────────────┼──────────────┼───────────────┼────────────┼─────────────┼─────────────────┤
│ Stage 07 - DiverseQAStage        │         0 │         0 │         0 │         0 │         0 │           0 │               0 │            0 │             0 │          0 │           0 │                 │
├──────────────────────────────────┼───────────┼───────────┼───────────┼───────────┼───────────┼─────────────┼─────────────────┼──────────────┼───────────────┼────────────┼─────────────┼─────────────────┤
│ Stage 08 - JsonlWriter           │         0 │         0 │         0 │         0 │         0 │           0 │               0 │            0 │             0 │          0 │           0 │                 │
╘══════════════════════════════════╧═══════════╧═══════════╧═══════════╧═══════════╧═══════════╧═════════════╧═════════════════╧══════════════╧═══════════════╧════════════╧═════════════╧═════════════════╛
2026-07-09 18:30:26.291 | WARNING  | cosmos_xenna.pipelines.private.streaming:apply_autoscale_result_if_ready:380 - Applying autoscale results took 1.7157611846923828 seconds
2026-07-09 18:30:29.067 | INFO     | cosmos_xenna.pipelines.private.streaming:run_pipeline:811 - Stopping stages 0
2026-07-09 18:30:29.118 | INFO     | cosmos_xenna.pipelines.private.streaming:run_pipeline:811 - Stopping stages 1
[36m(Stage 01 - JsonlReaderStage pid=3435)[0m Using blocking ray.get inside async actor. This blocks the event loop. Please use `await` on object ref with asyncio.gather if you want to yield execution to the event loop instead.
[36m(Stage 00 - FilePartitioningStage pid=3437)[0m 2026-07-09 18:30:29.051 | INFO     | nemo_curator.stages.file_partitioning:process:122 - Found 1 files
[36m(Stage 00 - FilePartitioningStage pid=3437)[0m 2026-07-09 18:30:29.051 | INFO     | nemo_curator.stages.file_partitioning:process:134 - No partitions specified, defaulting to one file per partition
[36m(Stage 00 - FilePartitioningStage pid=3437)[0m 2026-07-09 18:30:29.051 | INFO     | nemo_curator.stages.file_partitioning:process:192 - Created 1 file groups from 1 files
2026-07-09 18:30:32.907 | INFO     | cosmos_xenna.pipelines.private.streaming:run_pipeline:811 - Stopping stages 2
2026-07-09 18:30:32.967 | INFO     | cosmos_xenna.pipelines.private.streaming:run_pipeline:811 - Stopping stages 3
2026-07-09 18:30:33.309 | INFO     | cosmos_xenna.pipelines.private.streaming:run_pipeline:811 - Stopping stages 4
2026-07-09 18:30:33.490 | INFO     | cosmos_xenna.pipelines.private.streaming:run_pipeline:811 - Stopping stages 5
2026-07-09 18:30:33.550 | INFO     | cosmos_xenna.pipelines.private.streaming:run_pipeline:811 - Stopping stages 6
2026-07-09 18:31:26.308 | INFO     | cosmos_xenna.pipelines.private.monitoring:update:339 - Pipeline stats:
Pipeline Stats:
Pipeline duration: 1.0289382815361023 minutes
Number of initial input samples: 1
Number of input samples remaining: 0
Streaming pipeline main loop rate: 94.60410669169856

Cluster Resources:
╒══════════════════════════╤═════════╤═════════════╕
│ Resource                 │   Total │   Available │
╞══════════════════════════╪═════════╪═════════════╡
│ CPUs                     │  32     │    31       │
├──────────────────────────┼─────────┼─────────────┤
│ GPUs                     │   2     │     2       │
├──────────────────────────┼─────────┼─────────────┤
│ Memory (GB)              │ 191.244 │   191.244   │
├──────────────────────────┼─────────┼─────────────┤
│ Object Store Memory (GB) │  10     │     9.99959 │
╘══════════════════════════╧═════════╧═════════════╛

Resource Usage by Stage:
╒══════════════════════════════════╤═════════╤═══════════════╤═══════════════╤════════════════════╤══════════════════════════╕
│ Stage                            │   CPU % │   Memory (GB) │   Actor Count │   CPU % per worker │   Memory (GB) per worker │
╞══════════════════════════════════╪═════════╪═══════════════╪═══════════════╪════════════════════╪══════════════════════════╡
│ Stage 00 - FilePartitioningStage │       0 │          0    │             0 │               0    │                     0    │
├──────────────────────────────────┼─────────┼───────────────┼───────────────┼────────────────────┼──────────────────────────┤
│ Stage 01 - JsonlReaderStage      │       0 │          0    │             0 │               0    │                     0    │
├──────────────────────────────────┼─────────┼───────────────┼───────────────┼────────────────────┼──────────────────────────┤
│ Stage 02 - ScoreFilter           │       0 │          0    │             0 │               0    │                     0    │
├──────────────────────────────────┼─────────┼───────────────┼───────────────┼────────────────────┼──────────────────────────┤
│ Stage 03 - DocumentSplitter      │       0 │          0    │             0 │               0    │                     0    │
├──────────────────────────────────┼─────────┼───────────────┼───────────────┼────────────────────┼──────────────────────────┤
│ Stage 04 - ScoreFilter           │       0 │          0    │             0 │               0    │                     0    │
├──────────────────────────────────┼─────────┼───────────────┼───────────────┼────────────────────┼──────────────────────────┤
│ Stage 05 - DocumentJoiner        │       0 │          0    │             0 │               0    │                     0    │
├──────────────────────────────────┼─────────┼───────────────┼───────────────┼────────────────────┼──────────────────────────┤
│ Stage 06 - Filter                │       0 │          0    │             0 │               0    │                     0    │
├──────────────────────────────────┼─────────┼───────────────┼───────────────┼────────────────────┼──────────────────────────┤
│ Stage 07 - DiverseQAStage        │       3 │          1.59 │             3 │               1    │                     0.53 │
├──────────────────────────────────┼─────────┼───────────────┼───────────────┼────────────────────┼──────────────────────────┤
│ Stage 08 - JsonlWriter           │       2 │          0.39 │             3 │               0.67 │                     0.13 │
╘══════════════════════════════════╧═════════╧═══════════════╧═══════════════╧════════════════════╧══════════════════════════╛

Stage state:
╒══════════════════════════════════╤═══════════╤═══════════╤═══════════╤═══════════╤═══════════╤═════════════╤═════════════════╤══════════════╤═══════════════╤════════════╤═════════════╤═════════════════╕
│ Stage                            │   Actors: │   Actors: │   Actors: │   Actors: │   Actors: │      Tasks: │          Tasks: │       Queue: │        Queue: │     Slots: │      Slots: │ Speed:          │
│                                  │    Target │   Pending │     Ready │   Running │      Idle │   Completed │   Returned None │   Input Size │   Output Size │   Num Used │   Num Empty │ Tasks/actor/s   │
╞══════════════════════════════════╪═══════════╪═══════════╪═══════════╪═══════════╪═══════════╪═════════════╪═════════════════╪══════════════╪═══════════════╪════════════╪═════════════╪═════════════════╡
│ Stage 00 - FilePartitioningStage │         0 │         0 │         0 │         0 │         0 │           1 │               0 │            0 │             0 │          0 │           0 │                 │
├──────────────────────────────────┼───────────┼───────────┼───────────┼───────────┼───────────┼─────────────┼─────────────────┼──────────────┼───────────────┼────────────┼─────────────┼─────────────────┤
│ Stage 01 - JsonlReaderStage      │         0 │         0 │         0 │         0 │         0 │           1 │               0 │            0 │             0 │          0 │           0 │                 │
├──────────────────────────────────┼───────────┼───────────┼───────────┼───────────┼───────────┼─────────────┼─────────────────┼──────────────┼───────────────┼────────────┼─────────────┼─────────────────┤
│ Stage 02 - ScoreFilter           │         0 │         0 │         0 │         0 │         0 │           1 │               0 │            0 │             0 │          0 │           0 │                 │
├──────────────────────────────────┼───────────┼───────────┼───────────┼───────────┼───────────┼─────────────┼─────────────────┼──────────────┼───────────────┼────────────┼─────────────┼─────────────────┤
│ Stage 03 - DocumentSplitter      │         0 │         0 │         0 │         0 │         0 │           1 │               0 │            0 │             0 │          0 │           0 │                 │
├──────────────────────────────────┼───────────┼───────────┼───────────┼───────────┼───────────┼─────────────┼─────────────────┼──────────────┼───────────────┼────────────┼─────────────┼─────────────────┤
│ Stage 04 - ScoreFilter           │         0 │         0 │         0 │         0 │         0 │           1 │               0 │            0 │             0 │          0 │           0 │                 │
├──────────────────────────────────┼───────────┼───────────┼───────────┼───────────┼───────────┼─────────────┼─────────────────┼──────────────┼───────────────┼────────────┼─────────────┼─────────────────┤
│ Stage 05 - DocumentJoiner        │         0 │         0 │         0 │         0 │         0 │           1 │               0 │            0 │             0 │          0 │           0 │                 │
├──────────────────────────────────┼───────────┼───────────┼───────────┼───────────┼───────────┼─────────────┼─────────────────┼──────────────┼───────────────┼────────────┼─────────────┼─────────────────┤
│ Stage 06 - Filter                │         0 │         0 │         0 │         0 │         0 │           1 │               0 │            0 │             0 │          0 │           0 │                 │
├──────────────────────────────────┼───────────┼───────────┼───────────┼───────────┼───────────┼─────────────┼─────────────────┼──────────────┼───────────────┼────────────┼─────────────┼─────────────────┤
│ Stage 07 - DiverseQAStage        │         0 │         0 │         3 │         1 │         2 │           0 │               0 │            0 │             0 │          1 │           5 │                 │
├──────────────────────────────────┼───────────┼───────────┼───────────┼───────────┼───────────┼─────────────┼─────────────────┼──────────────┼───────────────┼────────────┼─────────────┼─────────────────┤
│ Stage 08 - JsonlWriter           │         0 │         0 │         3 │         0 │         3 │           0 │               0 │            0 │             0 │          0 │           6 │                 │
╘══════════════════════════════════╧═══════════╧═══════════╧═══════════╧═══════════╧═══════════╧═════════════╧═════════════════╧══════════════╧═══════════════╧════════════╧═════════════╧═════════════════╛
2026-07-09 18:31:26.308 | INFO     | cosmos_xenna.pipelines.private.streaming:run_pipeline:688 - StreamingExecutor Timing Summary:
  Auto Scaling Apply : 0.000000 seconds
  Pool Update        : 0.000098 seconds
  Auto Scaling Submit: 0.000000 seconds
  Monitor Update     : 0.000006 seconds
  Add Tasks          : 0.000021 seconds
  Sleep              : 0.009824 seconds
  Total              : 0.009949 seconds
2026-07-09 18:32:26.319 | INFO     | cosmos_xenna.pipelines.private.monitoring:update:339 - Pipeline stats:
Pipeline Stats:
Pipeline duration: 2.029123640060425 minutes
Number of initial input samples: 1
Number of input samples remaining: 0
Streaming pipeline main loop rate: 99.42209889498949

Cluster Resources:
╒══════════════════════════╤═════════╤═════════════╕
│ Resource                 │   Total │   Available │
╞══════════════════════════╪═════════╪═════════════╡
│ CPUs                     │  32     │    31       │
├──────────────────────────┼─────────┼─────────────┤
│ GPUs                     │   2     │     2       │
├──────────────────────────┼─────────┼─────────────┤
│ Memory (GB)              │ 191.244 │   191.244   │
├──────────────────────────┼─────────┼─────────────┤
│ Object Store Memory (GB) │  10     │     9.99959 │
╘══════════════════════════╧═════════╧═════════════╛

Resource Usage by Stage:
╒══════════════════════════════════╤═════════╤═══════════════╤═══════════════╤════════════════════╤══════════════════════════╕
│ Stage                            │   CPU % │   Memory (GB) │   Actor Count │   CPU % per worker │   Memory (GB) per worker │
╞══════════════════════════════════╪═════════╪═══════════════╪═══════════════╪════════════════════╪══════════════════════════╡
│ Stage 00 - FilePartitioningStage │       0 │          0    │             0 │               0    │                     0    │
├──────────────────────────────────┼─────────┼───────────────┼───────────────┼────────────────────┼──────────────────────────┤
│ Stage 01 - JsonlReaderStage      │       0 │          0    │             0 │               0    │                     0    │
├──────────────────────────────────┼─────────┼───────────────┼───────────────┼────────────────────┼──────────────────────────┤
│ Stage 02 - ScoreFilter           │       0 │          0    │             0 │               0    │                     0    │
├──────────────────────────────────┼─────────┼───────────────┼───────────────┼────────────────────┼──────────────────────────┤
│ Stage 03 - DocumentSplitter      │       0 │          0    │             0 │               0    │                     0    │
├──────────────────────────────────┼─────────┼───────────────┼───────────────┼────────────────────┼──────────────────────────┤
│ Stage 04 - ScoreFilter           │       0 │          0    │             0 │               0    │                     0    │
├──────────────────────────────────┼─────────┼───────────────┼───────────────┼────────────────────┼──────────────────────────┤
│ Stage 05 - DocumentJoiner        │       0 │          0    │             0 │               0    │                     0    │
├──────────────────────────────────┼─────────┼───────────────┼───────────────┼────────────────────┼──────────────────────────┤
│ Stage 06 - Filter                │       0 │          0    │             0 │               0    │                     0    │
├──────────────────────────────────┼─────────┼───────────────┼───────────────┼────────────────────┼──────────────────────────┤
│ Stage 07 - DiverseQAStage        │       2 │          1.59 │             3 │               0.67 │                     0.53 │
├──────────────────────────────────┼─────────┼───────────────┼───────────────┼────────────────────┼──────────────────────────┤
│ Stage 08 - JsonlWriter           │       3 │          0.39 │             3 │               1    │                     0.13 │
╘══════════════════════════════════╧═════════╧═══════════════╧═══════════════╧════════════════════╧══════════════════════════╛

Stage state:
╒══════════════════════════════════╤═══════════╤═══════════╤═══════════╤═══════════╤═══════════╤═════════════╤═════════════════╤══════════════╤═══════════════╤════════════╤═════════════╤═════════════════╕
│ Stage                            │   Actors: │   Actors: │   Actors: │   Actors: │   Actors: │      Tasks: │          Tasks: │       Queue: │        Queue: │     Slots: │      Slots: │ Speed:          │
│                                  │    Target │   Pending │     Ready │   Running │      Idle │   Completed │   Returned None │   Input Size │   Output Size │   Num Used │   Num Empty │ Tasks/actor/s   │
╞══════════════════════════════════╪═══════════╪═══════════╪═══════════╪═══════════╪═══════════╪═════════════╪═════════════════╪══════════════╪═══════════════╪════════════╪═════════════╪═════════════════╡
│ Stage 00 - FilePartitioningStage │         0 │         0 │         0 │         0 │         0 │           1 │               0 │            0 │             0 │          0 │           0 │                 │
├──────────────────────────────────┼───────────┼───────────┼───────────┼───────────┼───────────┼─────────────┼─────────────────┼──────────────┼───────────────┼────────────┼─────────────┼─────────────────┤
│ Stage 01 - JsonlReaderStage      │         0 │         0 │         0 │         0 │         0 │           1 │               0 │            0 │             0 │          0 │           0 │                 │
├──────────────────────────────────┼───────────┼───────────┼───────────┼───────────┼───────────┼─────────────┼─────────────────┼──────────────┼───────────────┼────────────┼─────────────┼─────────────────┤
│ Stage 02 - ScoreFilter           │         0 │         0 │         0 │         0 │         0 │           1 │               0 │            0 │             0 │          0 │           0 │                 │
├──────────────────────────────────┼───────────┼───────────┼───────────┼───────────┼───────────┼─────────────┼─────────────────┼──────────────┼───────────────┼────────────┼─────────────┼─────────────────┤
│ Stage 03 - DocumentSplitter      │         0 │         0 │         0 │         0 │         0 │           1 │               0 │            0 │             0 │          0 │           0 │                 │
├──────────────────────────────────┼───────────┼───────────┼───────────┼───────────┼───────────┼─────────────┼─────────────────┼──────────────┼───────────────┼────────────┼─────────────┼─────────────────┤
│ Stage 04 - ScoreFilter           │         0 │         0 │         0 │         0 │         0 │           1 │               0 │            0 │             0 │          0 │           0 │                 │
├──────────────────────────────────┼───────────┼───────────┼───────────┼───────────┼───────────┼─────────────┼─────────────────┼──────────────┼───────────────┼────────────┼─────────────┼─────────────────┤
│ Stage 05 - DocumentJoiner        │         0 │         0 │         0 │         0 │         0 │           1 │               0 │            0 │             0 │          0 │           0 │                 │
├──────────────────────────────────┼───────────┼───────────┼───────────┼───────────┼───────────┼─────────────┼─────────────────┼──────────────┼───────────────┼────────────┼─────────────┼─────────────────┤
│ Stage 06 - Filter                │         0 │         0 │         0 │         0 │         0 │           1 │               0 │            0 │             0 │          0 │           0 │                 │
├──────────────────────────────────┼───────────┼───────────┼───────────┼───────────┼───────────┼─────────────┼─────────────────┼──────────────┼───────────────┼────────────┼─────────────┼─────────────────┤
│ Stage 07 - DiverseQAStage        │         0 │         0 │         3 │         1 │         2 │           0 │               0 │            0 │             0 │          1 │           5 │                 │
├──────────────────────────────────┼───────────┼───────────┼───────────┼───────────┼───────────┼─────────────┼─────────────────┼──────────────┼───────────────┼────────────┼─────────────┼─────────────────┤
│ Stage 08 - JsonlWriter           │         0 │         0 │         3 │         0 │         3 │           0 │               0 │            0 │             0 │          0 │           6 │                 │
╘══════════════════════════════════╧═══════════╧═══════════╧═══════════╧═══════════╧═══════════╧═════════════╧═════════════════╧══════════════╧═══════════════╧════════════╧═════════════╧═════════════════╛
2026-07-09 18:32:26.319 | INFO     | cosmos_xenna.pipelines.private.streaming:run_pipeline:688 - StreamingExecutor Timing Summary:
  Auto Scaling Apply : 0.000001 seconds
  Pool Update        : 0.000143 seconds
  Auto Scaling Submit: 0.000001 seconds
  Monitor Update     : 0.000011 seconds
  Add Tasks          : 0.000046 seconds
  Sleep              : 0.009702 seconds
  Total              : 0.009906 seconds
2026-07-09 18:33:26.338 | INFO     | cosmos_xenna.pipelines.private.monitoring:update:339 - Pipeline stats:
Pipeline Stats:
Pipeline duration: 3.0294306596120197 minutes
Number of initial input samples: 1
Number of input samples remaining: 0
Streaming pipeline main loop rate: 99.42537475472558

Cluster Resources:
╒══════════════════════════╤═════════╤═════════════╕
│ Resource                 │   Total │   Available │
╞══════════════════════════╪═════════╪═════════════╡
│ CPUs                     │  32     │    31       │
├──────────────────────────┼─────────┼─────────────┤
│ GPUs                     │   2     │     2       │
├──────────────────────────┼─────────┼─────────────┤
│ Memory (GB)              │ 191.244 │   191.244   │
├──────────────────────────┼─────────┼─────────────┤
│ Object Store Memory (GB) │  10     │     9.99959 │
╘══════════════════════════╧═════════╧═════════════╛

Resource Usage by Stage:
╒══════════════════════════════════╤═════════╤═══════════════╤═══════════════╤════════════════════╤══════════════════════════╕
│ Stage                            │   CPU % │   Memory (GB) │   Actor Count │   CPU % per worker │   Memory (GB) per worker │
╞══════════════════════════════════╪═════════╪═══════════════╪═══════════════╪════════════════════╪══════════════════════════╡
│ Stage 00 - FilePartitioningStage │       0 │          0    │             0 │               0    │                     0    │
├──────────────────────────────────┼─────────┼───────────────┼───────────────┼────────────────────┼──────────────────────────┤
│ Stage 01 - JsonlReaderStage      │       0 │          0    │             0 │               0    │                     0    │
├──────────────────────────────────┼─────────┼───────────────┼───────────────┼────────────────────┼──────────────────────────┤
│ Stage 02 - ScoreFilter           │       0 │          0    │             0 │               0    │                     0    │
├──────────────────────────────────┼─────────┼───────────────┼───────────────┼────────────────────┼──────────────────────────┤
│ Stage 03 - DocumentSplitter      │       0 │          0    │             0 │               0    │                     0    │
├──────────────────────────────────┼─────────┼───────────────┼───────────────┼────────────────────┼──────────────────────────┤
│ Stage 04 - ScoreFilter           │       0 │          0    │             0 │               0    │                     0    │
├──────────────────────────────────┼─────────┼───────────────┼───────────────┼────────────────────┼──────────────────────────┤
│ Stage 05 - DocumentJoiner        │       0 │          0    │             0 │               0    │                     0    │
├──────────────────────────────────┼─────────┼───────────────┼───────────────┼────────────────────┼──────────────────────────┤
│ Stage 06 - Filter                │       0 │          0    │             0 │               0    │                     0    │
├──────────────────────────────────┼─────────┼───────────────┼───────────────┼────────────────────┼──────────────────────────┤
│ Stage 07 - DiverseQAStage        │       4 │          1.59 │             3 │               1.33 │                     0.53 │
├──────────────────────────────────┼─────────┼───────────────┼───────────────┼────────────────────┼──────────────────────────┤
│ Stage 08 - JsonlWriter           │       3 │          0.39 │             3 │               1    │                     0.13 │
╘══════════════════════════════════╧═════════╧═══════════════╧═══════════════╧════════════════════╧══════════════════════════╛

Stage state:
╒══════════════════════════════════╤═══════════╤═══════════╤═══════════╤═══════════╤═══════════╤═════════════╤═════════════════╤══════════════╤═══════════════╤════════════╤═════════════╤═════════════════╕
│ Stage                            │   Actors: │   Actors: │   Actors: │   Actors: │   Actors: │      Tasks: │          Tasks: │       Queue: │        Queue: │     Slots: │      Slots: │ Speed:          │
│                                  │    Target │   Pending │     Ready │   Running │      Idle │   Completed │   Returned None │   Input Size │   Output Size │   Num Used │   Num Empty │ Tasks/actor/s   │
╞══════════════════════════════════╪═══════════╪═══════════╪═══════════╪═══════════╪═══════════╪═════════════╪═════════════════╪══════════════╪═══════════════╪════════════╪═════════════╪═════════════════╡
│ Stage 00 - FilePartitioningStage │         0 │         0 │         0 │         0 │         0 │           1 │               0 │            0 │             0 │          0 │           0 │                 │
├──────────────────────────────────┼───────────┼───────────┼───────────┼───────────┼───────────┼─────────────┼─────────────────┼──────────────┼───────────────┼────────────┼─────────────┼─────────────────┤
│ Stage 01 - JsonlReaderStage      │         0 │         0 │         0 │         0 │         0 │           1 │               0 │            0 │             0 │          0 │           0 │                 │
├──────────────────────────────────┼───────────┼───────────┼───────────┼───────────┼───────────┼─────────────┼─────────────────┼──────────────┼───────────────┼────────────┼─────────────┼─────────────────┤
│ Stage 02 - ScoreFilter           │         0 │         0 │         0 │         0 │         0 │           1 │               0 │            0 │             0 │          0 │           0 │                 │
├──────────────────────────────────┼───────────┼───────────┼───────────┼───────────┼───────────┼─────────────┼─────────────────┼──────────────┼───────────────┼────────────┼─────────────┼─────────────────┤
│ Stage 03 - DocumentSplitter      │         0 │         0 │         0 │         0 │         0 │           1 │               0 │            0 │             0 │          0 │           0 │                 │
├──────────────────────────────────┼───────────┼───────────┼───────────┼───────────┼───────────┼─────────────┼─────────────────┼──────────────┼───────────────┼────────────┼─────────────┼─────────────────┤
│ Stage 04 - ScoreFilter           │         0 │         0 │         0 │         0 │         0 │           1 │               0 │            0 │             0 │          0 │           0 │                 │
├──────────────────────────────────┼───────────┼───────────┼───────────┼───────────┼───────────┼─────────────┼─────────────────┼──────────────┼───────────────┼────────────┼─────────────┼─────────────────┤
│ Stage 05 - DocumentJoiner        │         0 │         0 │         0 │         0 │         0 │           1 │               0 │            0 │             0 │          0 │           0 │                 │
├──────────────────────────────────┼───────────┼───────────┼───────────┼───────────┼───────────┼─────────────┼─────────────────┼──────────────┼───────────────┼────────────┼─────────────┼─────────────────┤
│ Stage 06 - Filter                │         0 │         0 │         0 │         0 │         0 │           1 │               0 │            0 │             0 │          0 │           0 │                 │
├──────────────────────────────────┼───────────┼───────────┼───────────┼───────────┼───────────┼─────────────┼─────────────────┼──────────────┼───────────────┼────────────┼─────────────┼─────────────────┤
│ Stage 07 - DiverseQAStage        │         0 │        12 │         3 │         1 │         2 │           0 │               0 │            0 │             0 │          1 │           5 │                 │
├──────────────────────────────────┼───────────┼───────────┼───────────┼───────────┼───────────┼─────────────┼─────────────────┼──────────────┼───────────────┼────────────┼─────────────┼─────────────────┤
│ Stage 08 - JsonlWriter           │         0 │        12 │         3 │         0 │         3 │           0 │               0 │            0 │             0 │          0 │           6 │                 │
╘══════════════════════════════════╧═══════════╧═══════════╧═══════════╧═══════════╧═══════════╧═════════════╧═════════════════╧══════════════╧═══════════════╧════════════╧═════════════╧═════════════════╛
2026-07-09 18:33:26.338 | INFO     | cosmos_xenna.pipelines.private.streaming:run_pipeline:688 - StreamingExecutor Timing Summary:
  Auto Scaling Apply : 0.000003 seconds
  Pool Update        : 0.000421 seconds
  Auto Scaling Submit: 0.000001 seconds
  Monitor Update     : 0.000025 seconds
  Add Tasks          : 0.000083 seconds
  Sleep              : 0.009209 seconds
  Total              : 0.009743 seconds
2026-07-09 18:34:26.356 | INFO     | cosmos_xenna.pipelines.private.monitoring:update:339 - Pipeline stats:
Pipeline Stats:
Pipeline duration: 4.029763301213582 minutes
Number of initial input samples: 1
Number of input samples remaining: 0
Streaming pipeline main loop rate: 99.42042102266164

Cluster Resources:
╒══════════════════════════╤═════════╤═════════════╕
│ Resource                 │   Total │   Available │
╞══════════════════════════╪═════════╪═════════════╡
│ CPUs                     │  32     │    31       │
├──────────────────────────┼─────────┼─────────────┤
│ GPUs                     │   2     │     2       │
├──────────────────────────┼─────────┼─────────────┤
│ Memory (GB)              │ 191.244 │   191.244   │
├──────────────────────────┼─────────┼─────────────┤
│ Object Store Memory (GB) │  10     │     9.99959 │
╘══════════════════════════╧═════════╧═════════════╛

Resource Usage by Stage:
╒══════════════════════════════════╤═════════╤═══════════════╤═══════════════╤════════════════════╤══════════════════════════╕
│ Stage                            │   CPU % │   Memory (GB) │   Actor Count │   CPU % per worker │   Memory (GB) per worker │
╞══════════════════════════════════╪═════════╪═══════════════╪═══════════════╪════════════════════╪══════════════════════════╡
│ Stage 00 - FilePartitioningStage │       0 │          0    │             0 │               0    │                     0    │
├──────────────────────────────────┼─────────┼───────────────┼───────────────┼────────────────────┼──────────────────────────┤
│ Stage 01 - JsonlReaderStage      │       0 │          0    │             0 │               0    │                     0    │
├──────────────────────────────────┼─────────┼───────────────┼───────────────┼────────────────────┼──────────────────────────┤
│ Stage 02 - ScoreFilter           │       0 │          0    │             0 │               0    │                     0    │
├──────────────────────────────────┼─────────┼───────────────┼───────────────┼────────────────────┼──────────────────────────┤
│ Stage 03 - DocumentSplitter      │       0 │          0    │             0 │               0    │                     0    │
├──────────────────────────────────┼─────────┼───────────────┼───────────────┼────────────────────┼──────────────────────────┤
│ Stage 04 - ScoreFilter           │       0 │          0    │             0 │               0    │                     0    │
├──────────────────────────────────┼─────────┼───────────────┼───────────────┼────────────────────┼──────────────────────────┤
│ Stage 05 - DocumentJoiner        │       0 │          0    │             0 │               0    │                     0    │
├──────────────────────────────────┼─────────┼───────────────┼───────────────┼────────────────────┼──────────────────────────┤
│ Stage 06 - Filter                │       0 │          0    │             0 │               0    │                     0    │
├──────────────────────────────────┼─────────┼───────────────┼───────────────┼────────────────────┼──────────────────────────┤
│ Stage 07 - DiverseQAStage        │       7 │          7.88 │            15 │               0.47 │                     0.53 │
├──────────────────────────────────┼─────────┼───────────────┼───────────────┼────────────────────┼──────────────────────────┤
│ Stage 08 - JsonlWriter           │       8 │          1.93 │            15 │               0.53 │                     0.13 │
╘══════════════════════════════════╧═════════╧═══════════════╧═══════════════╧════════════════════╧══════════════════════════╛

Stage state:
╒══════════════════════════════════╤═══════════╤═══════════╤═══════════╤═══════════╤═══════════╤═════════════╤═════════════════╤══════════════╤═══════════════╤════════════╤═════════════╤═════════════════╕
│ Stage                            │   Actors: │   Actors: │   Actors: │   Actors: │   Actors: │      Tasks: │          Tasks: │       Queue: │        Queue: │     Slots: │      Slots: │ Speed:          │
│                                  │    Target │   Pending │     Ready │   Running │      Idle │   Completed │   Returned None │   Input Size │   Output Size │   Num Used │   Num Empty │ Tasks/actor/s   │
╞══════════════════════════════════╪═══════════╪═══════════╪═══════════╪═══════════╪═══════════╪═════════════╪═════════════════╪══════════════╪═══════════════╪════════════╪═════════════╪═════════════════╡
│ Stage 00 - FilePartitioningStage │         0 │         0 │         0 │         0 │         0 │           1 │               0 │            0 │             0 │          0 │           0 │                 │
├──────────────────────────────────┼───────────┼───────────┼───────────┼───────────┼───────────┼─────────────┼─────────────────┼──────────────┼───────────────┼────────────┼─────────────┼─────────────────┤
│ Stage 01 - JsonlReaderStage      │         0 │         0 │         0 │         0 │         0 │           1 │               0 │            0 │             0 │          0 │           0 │                 │
├──────────────────────────────────┼───────────┼───────────┼───────────┼───────────┼───────────┼─────────────┼─────────────────┼──────────────┼───────────────┼────────────┼─────────────┼─────────────────┤
│ Stage 02 - ScoreFilter           │         0 │         0 │         0 │         0 │         0 │           1 │               0 │            0 │             0 │          0 │           0 │                 │
├──────────────────────────────────┼───────────┼───────────┼───────────┼───────────┼───────────┼─────────────┼─────────────────┼──────────────┼───────────────┼────────────┼─────────────┼─────────────────┤
│ Stage 03 - DocumentSplitter      │         0 │         0 │         0 │         0 │         0 │           1 │               0 │            0 │             0 │          0 │           0 │                 │
├──────────────────────────────────┼───────────┼───────────┼───────────┼───────────┼───────────┼─────────────┼─────────────────┼──────────────┼───────────────┼────────────┼─────────────┼─────────────────┤
│ Stage 04 - ScoreFilter           │         0 │         0 │         0 │         0 │         0 │           1 │               0 │            0 │             0 │          0 │           0 │                 │
├──────────────────────────────────┼───────────┼───────────┼───────────┼───────────┼───────────┼─────────────┼─────────────────┼──────────────┼───────────────┼────────────┼─────────────┼─────────────────┤
│ Stage 05 - DocumentJoiner        │         0 │         0 │         0 │         0 │         0 │           1 │               0 │            0 │             0 │          0 │           0 │                 │
├──────────────────────────────────┼───────────┼───────────┼───────────┼───────────┼───────────┼─────────────┼─────────────────┼──────────────┼───────────────┼────────────┼─────────────┼─────────────────┤
│ Stage 06 - Filter                │         0 │         0 │         0 │         0 │         0 │           1 │               0 │            0 │             0 │          0 │           0 │                 │
├──────────────────────────────────┼───────────┼───────────┼───────────┼───────────┼───────────┼─────────────┼─────────────────┼──────────────┼───────────────┼────────────┼─────────────┼─────────────────┤
│ Stage 07 - DiverseQAStage        │         0 │         0 │        15 │         1 │        14 │           0 │               0 │            0 │             0 │          1 │          29 │                 │
├──────────────────────────────────┼───────────┼───────────┼───────────┼───────────┼───────────┼─────────────┼─────────────────┼──────────────┼───────────────┼────────────┼─────────────┼─────────────────┤
│ Stage 08 - JsonlWriter           │         0 │         0 │        15 │         0 │        15 │           0 │               0 │            0 │             0 │          0 │          30 │                 │
╘══════════════════════════════════╧═══════════╧═══════════╧═══════════╧═══════════╧═══════════╧═════════════╧═════════════════╧══════════════╧═══════════════╧════════════╧═════════════╧═════════════════╛
2026-07-09 18:34:26.356 | INFO     | cosmos_xenna.pipelines.private.streaming:run_pipeline:688 - StreamingExecutor Timing Summary:
  Auto Scaling Apply : 0.000001 seconds
  Pool Update        : 0.000108 seconds
  Auto Scaling Submit: 0.000000 seconds
  Monitor Update     : 0.000009 seconds
  Add Tasks          : 0.000036 seconds
  Sleep              : 0.009784 seconds
  Total              : 0.009939 seconds
2026-07-09 18:35:26.372 | INFO     | cosmos_xenna.pipelines.private.monitoring:update:339 - Pipeline stats:
Pipeline Stats:
Pipeline duration: 5.030021480719248 minutes
Number of initial input samples: 1
Number of input samples remaining: 0
Streaming pipeline main loop rate: 99.44024647836036

Cluster Resources:
╒══════════════════════════╤═════════╤═════════════╕
│ Resource                 │   Total │   Available │
╞══════════════════════════╪═════════╪═════════════╡
│ CPUs                     │  32     │    31       │
├──────────────────────────┼─────────┼─────────────┤
│ GPUs                     │   2     │     2       │
├──────────────────────────┼─────────┼─────────────┤
│ Memory (GB)              │ 191.244 │   191.244   │
├──────────────────────────┼─────────┼─────────────┤
│ Object Store Memory (GB) │  10     │     9.99959 │
╘══════════════════════════╧═════════╧═════════════╛

Resource Usage by Stage:
╒══════════════════════════════════╤═════════╤═══════════════╤═══════════════╤════════════════════╤══════════════════════════╕
│ Stage                            │   CPU % │   Memory (GB) │   Actor Count │   CPU % per worker │   Memory (GB) per worker │
╞══════════════════════════════════╪═════════╪═══════════════╪═══════════════╪════════════════════╪══════════════════════════╡
│ Stage 00 - FilePartitioningStage │       0 │          0    │             0 │               0    │                     0    │
├──────────────────────────────────┼─────────┼───────────────┼───────────────┼────────────────────┼──────────────────────────┤
│ Stage 01 - JsonlReaderStage      │       0 │          0    │             0 │               0    │                     0    │
├──────────────────────────────────┼─────────┼───────────────┼───────────────┼────────────────────┼──────────────────────────┤
│ Stage 02 - ScoreFilter           │       0 │          0    │             0 │               0    │                     0    │
├──────────────────────────────────┼─────────┼───────────────┼───────────────┼────────────────────┼──────────────────────────┤
│ Stage 03 - DocumentSplitter      │       0 │          0    │             0 │               0    │                     0    │
├──────────────────────────────────┼─────────┼───────────────┼───────────────┼────────────────────┼──────────────────────────┤
│ Stage 04 - ScoreFilter           │       0 │          0    │             0 │               0    │                     0    │
├──────────────────────────────────┼─────────┼───────────────┼───────────────┼────────────────────┼──────────────────────────┤
│ Stage 05 - DocumentJoiner        │       0 │          0    │             0 │               0    │                     0    │
├──────────────────────────────────┼─────────┼───────────────┼───────────────┼────────────────────┼──────────────────────────┤
│ Stage 06 - Filter                │       0 │          0    │             0 │               0    │                     0    │
├──────────────────────────────────┼─────────┼───────────────┼───────────────┼────────────────────┼──────────────────────────┤
│ Stage 07 - DiverseQAStage        │       9 │          7.88 │            15 │               0.6  │                     0.53 │
├──────────────────────────────────┼─────────┼───────────────┼───────────────┼────────────────────┼──────────────────────────┤
│ Stage 08 - JsonlWriter           │      10 │          1.93 │            15 │               0.67 │                     0.13 │
╘══════════════════════════════════╧═════════╧═══════════════╧═══════════════╧════════════════════╧══════════════════════════╛

Stage state:
╒══════════════════════════════════╤═══════════╤═══════════╤═══════════╤═══════════╤═══════════╤═════════════╤═════════════════╤══════════════╤═══════════════╤════════════╤═════════════╤═════════════════╕
│ Stage                            │   Actors: │   Actors: │   Actors: │   Actors: │   Actors: │      Tasks: │          Tasks: │       Queue: │        Queue: │     Slots: │      Slots: │ Speed:          │
│                                  │    Target │   Pending │     Ready │   Running │      Idle │   Completed │   Returned None │   Input Size │   Output Size │   Num Used │   Num Empty │ Tasks/actor/s   │
╞══════════════════════════════════╪═══════════╪═══════════╪═══════════╪═══════════╪═══════════╪═════════════╪═════════════════╪══════════════╪═══════════════╪════════════╪═════════════╪═════════════════╡
│ Stage 00 - FilePartitioningStage │         0 │         0 │         0 │         0 │         0 │           1 │               0 │            0 │             0 │          0 │           0 │                 │
├──────────────────────────────────┼───────────┼───────────┼───────────┼───────────┼───────────┼─────────────┼─────────────────┼──────────────┼───────────────┼────────────┼─────────────┼─────────────────┤
│ Stage 01 - JsonlReaderStage      │         0 │         0 │         0 │         0 │         0 │           1 │               0 │            0 │             0 │          0 │           0 │                 │
├──────────────────────────────────┼───────────┼───────────┼───────────┼───────────┼───────────┼─────────────┼─────────────────┼──────────────┼───────────────┼────────────┼─────────────┼─────────────────┤
│ Stage 02 - ScoreFilter           │         0 │         0 │         0 │         0 │         0 │           1 │               0 │            0 │             0 │          0 │           0 │                 │
├──────────────────────────────────┼───────────┼───────────┼───────────┼───────────┼───────────┼─────────────┼─────────────────┼──────────────┼───────────────┼────────────┼─────────────┼─────────────────┤
│ Stage 03 - DocumentSplitter      │         0 │         0 │         0 │         0 │         0 │           1 │               0 │            0 │             0 │          0 │           0 │                 │
├──────────────────────────────────┼───────────┼───────────┼───────────┼───────────┼───────────┼─────────────┼─────────────────┼──────────────┼───────────────┼────────────┼─────────────┼─────────────────┤
│ Stage 04 - ScoreFilter           │         0 │         0 │         0 │         0 │         0 │           1 │               0 │            0 │             0 │          0 │           0 │                 │
├──────────────────────────────────┼───────────┼───────────┼───────────┼───────────┼───────────┼─────────────┼─────────────────┼──────────────┼───────────────┼────────────┼─────────────┼─────────────────┤
│ Stage 05 - DocumentJoiner        │         0 │         0 │         0 │         0 │         0 │           1 │               0 │            0 │             0 │          0 │           0 │                 │
├──────────────────────────────────┼───────────┼───────────┼───────────┼───────────┼───────────┼─────────────┼─────────────────┼──────────────┼───────────────┼────────────┼─────────────┼─────────────────┤
│ Stage 06 - Filter                │         0 │         0 │         0 │         0 │         0 │           1 │               0 │            0 │             0 │          0 │           0 │                 │
├──────────────────────────────────┼───────────┼───────────┼───────────┼───────────┼───────────┼─────────────┼─────────────────┼──────────────┼───────────────┼────────────┼─────────────┼─────────────────┤
│ Stage 07 - DiverseQAStage        │         0 │         0 │        15 │         1 │        14 │           0 │               0 │            0 │             0 │          1 │          29 │                 │
├──────────────────────────────────┼───────────┼───────────┼───────────┼───────────┼───────────┼─────────────┼─────────────────┼──────────────┼───────────────┼────────────┼─────────────┼─────────────────┤
│ Stage 08 - JsonlWriter           │         0 │         0 │        15 │         0 │        15 │           0 │               0 │            0 │             0 │          0 │          30 │                 │
╘══════════════════════════════════╧═══════════╧═══════════╧═══════════╧═══════════╧═══════════╧═════════════╧═════════════════╧══════════════╧═══════════════╧════════════╧═════════════╧═════════════════╛
2026-07-09 18:35:26.372 | INFO     | cosmos_xenna.pipelines.private.streaming:run_pipeline:688 - StreamingExecutor Timing Summary:
  Auto Scaling Apply : 0.000001 seconds
  Pool Update        : 0.000132 seconds
  Auto Scaling Submit: 0.000001 seconds
  Monitor Update     : 0.000008 seconds
  Add Tasks          : 0.000032 seconds
  Sleep              : 0.009757 seconds
  Total              : 0.009931 seconds
2026-07-09 18:36:26.386 | INFO     | cosmos_xenna.pipelines.private.monitoring:update:339 - Pipeline stats:
Pipeline Stats:
Pipeline duration: 6.030257352193197 minutes
Number of initial input samples: 1
Number of input samples remaining: 0
Streaming pipeline main loop rate: 99.44355219197854

Cluster Resources:
╒══════════════════════════╤═════════╤═════════════╕
│ Resource                 │   Total │   Available │
╞══════════════════════════╪═════════╪═════════════╡
│ CPUs                     │  32     │    31       │
├──────────────────────────┼─────────┼─────────────┤
│ GPUs                     │   2     │     2       │
├──────────────────────────┼─────────┼─────────────┤
│ Memory (GB)              │ 191.244 │   191.244   │
├──────────────────────────┼─────────┼─────────────┤
│ Object Store Memory (GB) │  10     │     9.99959 │
╘══════════════════════════╧═════════╧═════════════╛

Resource Usage by Stage:
╒══════════════════════════════════╤═════════╤═══════════════╤═══════════════╤════════════════════╤══════════════════════════╕
│ Stage                            │   CPU % │   Memory (GB) │   Actor Count │   CPU % per worker │   Memory (GB) per worker │
╞══════════════════════════════════╪═════════╪═══════════════╪═══════════════╪════════════════════╪══════════════════════════╡
│ Stage 00 - FilePartitioningStage │       0 │          0    │             0 │               0    │                     0    │
├──────────────────────────────────┼─────────┼───────────────┼───────────────┼────────────────────┼──────────────────────────┤
│ Stage 01 - JsonlReaderStage      │       0 │          0    │             0 │               0    │                     0    │
├──────────────────────────────────┼─────────┼───────────────┼───────────────┼────────────────────┼──────────────────────────┤
│ Stage 02 - ScoreFilter           │       0 │          0    │             0 │               0    │                     0    │
├──────────────────────────────────┼─────────┼───────────────┼───────────────┼────────────────────┼──────────────────────────┤
│ Stage 03 - DocumentSplitter      │       0 │          0    │             0 │               0    │                     0    │
├──────────────────────────────────┼─────────┼───────────────┼───────────────┼────────────────────┼──────────────────────────┤
│ Stage 04 - ScoreFilter           │       0 │          0    │             0 │               0    │                     0    │
├──────────────────────────────────┼─────────┼───────────────┼───────────────┼────────────────────┼──────────────────────────┤
│ Stage 05 - DocumentJoiner        │       0 │          0    │             0 │               0    │                     0    │
├──────────────────────────────────┼─────────┼───────────────┼───────────────┼────────────────────┼──────────────────────────┤
│ Stage 06 - Filter                │       0 │          0    │             0 │               0    │                     0    │
├──────────────────────────────────┼─────────┼───────────────┼───────────────┼────────────────────┼──────────────────────────┤
│ Stage 07 - DiverseQAStage        │      14 │          7.88 │            15 │               0.93 │                     0.53 │
├──────────────────────────────────┼─────────┼───────────────┼───────────────┼────────────────────┼──────────────────────────┤
│ Stage 08 - JsonlWriter           │      10 │          1.93 │            15 │               0.67 │                     0.13 │
╘══════════════════════════════════╧═════════╧═══════════════╧═══════════════╧════════════════════╧══════════════════════════╛

Stage state:
╒══════════════════════════════════╤═══════════╤═══════════╤═══════════╤═══════════╤═══════════╤═════════════╤═════════════════╤══════════════╤═══════════════╤════════════╤═════════════╤═════════════════╕
│ Stage                            │   Actors: │   Actors: │   Actors: │   Actors: │   Actors: │      Tasks: │          Tasks: │       Queue: │        Queue: │     Slots: │      Slots: │ Speed:          │
│                                  │    Target │   Pending │     Ready │   Running │      Idle │   Completed │   Returned None │   Input Size │   Output Size │   Num Used │   Num Empty │ Tasks/actor/s   │
╞══════════════════════════════════╪═══════════╪═══════════╪═══════════╪═══════════╪═══════════╪═════════════╪═════════════════╪══════════════╪═══════════════╪════════════╪═════════════╪═════════════════╡
│ Stage 00 - FilePartitioningStage │         0 │         0 │         0 │         0 │         0 │           1 │               0 │            0 │             0 │          0 │           0 │                 │
├──────────────────────────────────┼───────────┼───────────┼───────────┼───────────┼───────────┼─────────────┼─────────────────┼──────────────┼───────────────┼────────────┼─────────────┼─────────────────┤
│ Stage 01 - JsonlReaderStage      │         0 │         0 │         0 │         0 │         0 │           1 │               0 │            0 │             0 │          0 │           0 │                 │
├──────────────────────────────────┼───────────┼───────────┼───────────┼───────────┼───────────┼─────────────┼─────────────────┼──────────────┼───────────────┼────────────┼─────────────┼─────────────────┤
│ Stage 02 - ScoreFilter           │         0 │         0 │         0 │         0 │         0 │           1 │               0 │            0 │             0 │          0 │           0 │                 │
├──────────────────────────────────┼───────────┼───────────┼───────────┼───────────┼───────────┼─────────────┼─────────────────┼──────────────┼───────────────┼────────────┼─────────────┼─────────────────┤
│ Stage 03 - DocumentSplitter      │         0 │         0 │         0 │         0 │         0 │           1 │               0 │            0 │             0 │          0 │           0 │                 │
├──────────────────────────────────┼───────────┼───────────┼───────────┼───────────┼───────────┼─────────────┼─────────────────┼──────────────┼───────────────┼────────────┼─────────────┼─────────────────┤
│ Stage 04 - ScoreFilter           │         0 │         0 │         0 │         0 │         0 │           1 │               0 │            0 │             0 │          0 │           0 │                 │
├──────────────────────────────────┼───────────┼───────────┼───────────┼───────────┼───────────┼─────────────┼─────────────────┼──────────────┼───────────────┼────────────┼─────────────┼─────────────────┤
│ Stage 05 - DocumentJoiner        │         0 │         0 │         0 │         0 │         0 │           1 │               0 │            0 │             0 │          0 │           0 │                 │
├──────────────────────────────────┼───────────┼───────────┼───────────┼───────────┼───────────┼─────────────┼─────────────────┼──────────────┼───────────────┼────────────┼─────────────┼─────────────────┤
│ Stage 06 - Filter                │         0 │         0 │         0 │         0 │         0 │           1 │               0 │            0 │             0 │          0 │           0 │                 │
├──────────────────────────────────┼───────────┼───────────┼───────────┼───────────┼───────────┼─────────────┼─────────────────┼──────────────┼───────────────┼────────────┼─────────────┼─────────────────┤
│ Stage 07 - DiverseQAStage        │         0 │         0 │        15 │         1 │        14 │           0 │               0 │            0 │             0 │          1 │          29 │                 │
├──────────────────────────────────┼───────────┼───────────┼───────────┼───────────┼───────────┼─────────────┼─────────────────┼──────────────┼───────────────┼────────────┼─────────────┼─────────────────┤
│ Stage 08 - JsonlWriter           │         0 │         0 │        15 │         0 │        15 │           0 │               0 │            0 │             0 │          0 │          30 │                 │
╘══════════════════════════════════╧═══════════╧═══════════╧═══════════╧═══════════╧═══════════╧═════════════╧═════════════════╧══════════════╧═══════════════╧════════════╧═════════════╧═════════════════╛
2026-07-09 18:36:26.386 | INFO     | cosmos_xenna.pipelines.private.streaming:run_pipeline:688 - StreamingExecutor Timing Summary:
  Auto Scaling Apply : 0.000000 seconds
  Pool Update        : 0.000110 seconds
  Auto Scaling Submit: 0.000000 seconds
  Monitor Update     : 0.000005 seconds
  Add Tasks          : 0.000027 seconds
  Sleep              : 0.009812 seconds
  Total              : 0.009956 seconds
2026-07-09 18:37:26.400 | INFO     | cosmos_xenna.pipelines.private.monitoring:update:339 - Pipeline stats:
Pipeline Stats:
Pipeline duration: 7.030484068393707 minutes
Number of initial input samples: 1
Number of input samples remaining: 0
Streaming pipeline main loop rate: 99.44529206305228

Cluster Resources:
╒══════════════════════════╤═════════╤═════════════╕
│ Resource                 │   Total │   Available │
╞══════════════════════════╪═════════╪═════════════╡
│ CPUs                     │  32     │    31       │
├──────────────────────────┼─────────┼─────────────┤
│ GPUs                     │   2     │     2       │
├──────────────────────────┼─────────┼─────────────┤
│ Memory (GB)              │ 191.244 │   191.244   │
├──────────────────────────┼─────────┼─────────────┤
│ Object Store Memory (GB) │  10     │     9.99959 │
╘══════════════════════════╧═════════╧═════════════╛

Resource Usage by Stage:
╒══════════════════════════════════╤═════════╤═══════════════╤═══════════════╤════════════════════╤══════════════════════════╕
│ Stage                            │   CPU % │   Memory (GB) │   Actor Count │   CPU % per worker │   Memory (GB) per worker │
╞══════════════════════════════════╪═════════╪═══════════════╪═══════════════╪════════════════════╪══════════════════════════╡
│ Stage 00 - FilePartitioningStage │       0 │          0    │             0 │               0    │                     0    │
├──────────────────────────────────┼─────────┼───────────────┼───────────────┼────────────────────┼──────────────────────────┤
│ Stage 01 - JsonlReaderStage      │       0 │          0    │             0 │               0    │                     0    │
├──────────────────────────────────┼─────────┼───────────────┼───────────────┼────────────────────┼──────────────────────────┤
│ Stage 02 - ScoreFilter           │       0 │          0    │             0 │               0    │                     0    │
├──────────────────────────────────┼─────────┼───────────────┼───────────────┼────────────────────┼──────────────────────────┤
│ Stage 03 - DocumentSplitter      │       0 │          0    │             0 │               0    │                     0    │
├──────────────────────────────────┼─────────┼───────────────┼───────────────┼────────────────────┼──────────────────────────┤
│ Stage 04 - ScoreFilter           │       0 │          0    │             0 │               0    │                     0    │
├──────────────────────────────────┼─────────┼───────────────┼───────────────┼────────────────────┼──────────────────────────┤
│ Stage 05 - DocumentJoiner        │       0 │          0    │             0 │               0    │                     0    │
├──────────────────────────────────┼─────────┼───────────────┼───────────────┼────────────────────┼──────────────────────────┤
│ Stage 06 - Filter                │       0 │          0    │             0 │               0    │                     0    │
├──────────────────────────────────┼─────────┼───────────────┼───────────────┼────────────────────┼──────────────────────────┤
│ Stage 07 - DiverseQAStage        │      14 │          7.88 │            15 │               0.93 │                     0.53 │
├──────────────────────────────────┼─────────┼───────────────┼───────────────┼────────────────────┼──────────────────────────┤
│ Stage 08 - JsonlWriter           │      14 │          1.93 │            15 │               0.93 │                     0.13 │
╘══════════════════════════════════╧═════════╧═══════════════╧═══════════════╧════════════════════╧══════════════════════════╛

Stage state:
╒══════════════════════════════════╤═══════════╤═══════════╤═══════════╤═══════════╤═══════════╤═════════════╤═════════════════╤══════════════╤═══════════════╤════════════╤═════════════╤═════════════════╕
│ Stage                            │   Actors: │   Actors: │   Actors: │   Actors: │   Actors: │      Tasks: │          Tasks: │       Queue: │        Queue: │     Slots: │      Slots: │ Speed:          │
│                                  │    Target │   Pending │     Ready │   Running │      Idle │   Completed │   Returned None │   Input Size │   Output Size │   Num Used │   Num Empty │ Tasks/actor/s   │
╞══════════════════════════════════╪═══════════╪═══════════╪═══════════╪═══════════╪═══════════╪═════════════╪═════════════════╪══════════════╪═══════════════╪════════════╪═════════════╪═════════════════╡
│ Stage 00 - FilePartitioningStage │         0 │         0 │         0 │         0 │         0 │           1 │               0 │            0 │             0 │          0 │           0 │                 │
├──────────────────────────────────┼───────────┼───────────┼───────────┼───────────┼───────────┼─────────────┼─────────────────┼──────────────┼───────────────┼────────────┼─────────────┼─────────────────┤
│ Stage 01 - JsonlReaderStage      │         0 │         0 │         0 │         0 │         0 │           1 │               0 │            0 │             0 │          0 │           0 │                 │
├──────────────────────────────────┼───────────┼───────────┼───────────┼───────────┼───────────┼─────────────┼─────────────────┼──────────────┼───────────────┼────────────┼─────────────┼─────────────────┤
│ Stage 02 - ScoreFilter           │         0 │         0 │         0 │         0 │         0 │           1 │               0 │            0 │             0 │          0 │           0 │                 │
├──────────────────────────────────┼───────────┼───────────┼───────────┼───────────┼───────────┼─────────────┼─────────────────┼──────────────┼───────────────┼────────────┼─────────────┼─────────────────┤
│ Stage 03 - DocumentSplitter      │         0 │         0 │         0 │         0 │         0 │           1 │               0 │            0 │             0 │          0 │           0 │                 │
├──────────────────────────────────┼───────────┼───────────┼───────────┼───────────┼───────────┼─────────────┼─────────────────┼──────────────┼───────────────┼────────────┼─────────────┼─────────────────┤
│ Stage 04 - ScoreFilter           │         0 │         0 │         0 │         0 │         0 │           1 │               0 │            0 │             0 │          0 │           0 │                 │
├──────────────────────────────────┼───────────┼───────────┼───────────┼───────────┼───────────┼─────────────┼─────────────────┼──────────────┼───────────────┼────────────┼─────────────┼─────────────────┤
│ Stage 05 - DocumentJoiner        │         0 │         0 │         0 │         0 │         0 │           1 │               0 │            0 │             0 │          0 │           0 │                 │
├──────────────────────────────────┼───────────┼───────────┼───────────┼───────────┼───────────┼─────────────┼─────────────────┼──────────────┼───────────────┼────────────┼─────────────┼─────────────────┤
│ Stage 06 - Filter                │         0 │         0 │         0 │         0 │         0 │           1 │               0 │            0 │             0 │          0 │           0 │                 │
├──────────────────────────────────┼───────────┼───────────┼───────────┼───────────┼───────────┼─────────────┼─────────────────┼──────────────┼───────────────┼────────────┼─────────────┼─────────────────┤
│ Stage 07 - DiverseQAStage        │         0 │         0 │        15 │         1 │        14 │           0 │               0 │            0 │             0 │          1 │          29 │                 │
├──────────────────────────────────┼───────────┼───────────┼───────────┼───────────┼───────────┼─────────────┼─────────────────┼──────────────┼───────────────┼────────────┼─────────────┼─────────────────┤
│ Stage 08 - JsonlWriter           │         0 │         0 │        15 │         0 │        15 │           0 │               0 │            0 │             0 │          0 │          30 │                 │
╘══════════════════════════════════╧═══════════╧═══════════╧═══════════╧═══════════╧═══════════╧═════════════╧═════════════════╧══════════════╧═══════════════╧════════════╧═════════════╧═════════════════╛
2026-07-09 18:37:26.400 | INFO     | cosmos_xenna.pipelines.private.streaming:run_pipeline:688 - StreamingExecutor Timing Summary:
  Auto Scaling Apply : 0.000001 seconds
  Pool Update        : 0.000128 seconds
  Auto Scaling Submit: 0.000000 seconds
  Monitor Update     : 0.000007 seconds
  Add Tasks          : 0.000034 seconds
  Sleep              : 0.009758 seconds
  Total              : 0.009928 seconds
2026-07-09 18:38:26.414 | INFO     | cosmos_xenna.pipelines.private.monitoring:update:339 - Pipeline stats:
Pipeline Stats:
Pipeline duration: 8.030721167723337 minutes
Number of initial input samples: 1
Number of input samples remaining: 0
Streaming pipeline main loop rate: 99.44544975113976

Cluster Resources:
╒══════════════════════════╤═════════╤═════════════╕
│ Resource                 │   Total │   Available │
╞══════════════════════════╪═════════╪═════════════╡
│ CPUs                     │  32     │    31       │
├──────────────────────────┼─────────┼─────────────┤
│ GPUs                     │   2     │     2       │
├──────────────────────────┼─────────┼─────────────┤
│ Memory (GB)              │ 191.244 │   191.244   │
├──────────────────────────┼─────────┼─────────────┤
│ Object Store Memory (GB) │  10     │     9.99959 │
╘══════════════════════════╧═════════╧═════════════╛

Resource Usage by Stage:
╒══════════════════════════════════╤═════════╤═══════════════╤═══════════════╤════════════════════╤══════════════════════════╕
│ Stage                            │   CPU % │   Memory (GB) │   Actor Count │   CPU % per worker │   Memory (GB) per worker │
╞══════════════════════════════════╪═════════╪═══════════════╪═══════════════╪════════════════════╪══════════════════════════╡
│ Stage 00 - FilePartitioningStage │       0 │          0    │             0 │               0    │                     0    │
├──────────────────────────────────┼─────────┼───────────────┼───────────────┼────────────────────┼──────────────────────────┤
│ Stage 01 - JsonlReaderStage      │       0 │          0    │             0 │               0    │                     0    │
├──────────────────────────────────┼─────────┼───────────────┼───────────────┼────────────────────┼──────────────────────────┤
│ Stage 02 - ScoreFilter           │       0 │          0    │             0 │               0    │                     0    │
├──────────────────────────────────┼─────────┼───────────────┼───────────────┼────────────────────┼──────────────────────────┤
│ Stage 03 - DocumentSplitter      │       0 │          0    │             0 │               0    │                     0    │
├──────────────────────────────────┼─────────┼───────────────┼───────────────┼────────────────────┼──────────────────────────┤
│ Stage 04 - ScoreFilter           │       0 │          0    │             0 │               0    │                     0    │
├──────────────────────────────────┼─────────┼───────────────┼───────────────┼────────────────────┼──────────────────────────┤
│ Stage 05 - DocumentJoiner        │       0 │          0    │             0 │               0    │                     0    │
├──────────────────────────────────┼─────────┼───────────────┼───────────────┼────────────────────┼──────────────────────────┤
│ Stage 06 - Filter                │       0 │          0    │             0 │               0    │                     0    │
├──────────────────────────────────┼─────────┼───────────────┼───────────────┼────────────────────┼──────────────────────────┤
│ Stage 07 - DiverseQAStage        │      10 │          7.88 │            15 │               0.67 │                     0.53 │
├──────────────────────────────────┼─────────┼───────────────┼───────────────┼────────────────────┼──────────────────────────┤
│ Stage 08 - JsonlWriter           │      11 │          1.93 │            15 │               0.73 │                     0.13 │
╘══════════════════════════════════╧═════════╧═══════════════╧═══════════════╧════════════════════╧══════════════════════════╛

Stage state:
╒══════════════════════════════════╤═══════════╤═══════════╤═══════════╤═══════════╤═══════════╤═════════════╤═════════════════╤══════════════╤═══════════════╤════════════╤═════════════╤═════════════════╕
│ Stage                            │   Actors: │   Actors: │   Actors: │   Actors: │   Actors: │      Tasks: │          Tasks: │       Queue: │        Queue: │     Slots: │      Slots: │ Speed:          │
│                                  │    Target │   Pending │     Ready │   Running │      Idle │   Completed │   Returned None │   Input Size │   Output Size │   Num Used │   Num Empty │ Tasks/actor/s   │
╞══════════════════════════════════╪═══════════╪═══════════╪═══════════╪═══════════╪═══════════╪═════════════╪═════════════════╪══════════════╪═══════════════╪════════════╪═════════════╪═════════════════╡
│ Stage 00 - FilePartitioningStage │         0 │         0 │         0 │         0 │         0 │           1 │               0 │            0 │             0 │          0 │           0 │                 │
├──────────────────────────────────┼───────────┼───────────┼───────────┼───────────┼───────────┼─────────────┼─────────────────┼──────────────┼───────────────┼────────────┼─────────────┼─────────────────┤
│ Stage 01 - JsonlReaderStage      │         0 │         0 │         0 │         0 │         0 │           1 │               0 │            0 │             0 │          0 │           0 │                 │
├──────────────────────────────────┼───────────┼───────────┼───────────┼───────────┼───────────┼─────────────┼─────────────────┼──────────────┼───────────────┼────────────┼─────────────┼─────────────────┤
│ Stage 02 - ScoreFilter           │         0 │         0 │         0 │         0 │         0 │           1 │               0 │            0 │             0 │          0 │           0 │                 │
├──────────────────────────────────┼───────────┼───────────┼───────────┼───────────┼───────────┼─────────────┼─────────────────┼──────────────┼───────────────┼────────────┼─────────────┼─────────────────┤
│ Stage 03 - DocumentSplitter      │         0 │         0 │         0 │         0 │         0 │           1 │               0 │            0 │             0 │          0 │           0 │                 │
├──────────────────────────────────┼───────────┼───────────┼───────────┼───────────┼───────────┼─────────────┼─────────────────┼──────────────┼───────────────┼────────────┼─────────────┼─────────────────┤
│ Stage 04 - ScoreFilter           │         0 │         0 │         0 │         0 │         0 │           1 │               0 │            0 │             0 │          0 │           0 │                 │
├──────────────────────────────────┼───────────┼───────────┼───────────┼───────────┼───────────┼─────────────┼─────────────────┼──────────────┼───────────────┼────────────┼─────────────┼─────────────────┤
│ Stage 05 - DocumentJoiner        │         0 │         0 │         0 │         0 │         0 │           1 │               0 │            0 │             0 │          0 │           0 │                 │
├──────────────────────────────────┼───────────┼───────────┼───────────┼───────────┼───────────┼─────────────┼─────────────────┼──────────────┼───────────────┼────────────┼─────────────┼─────────────────┤
│ Stage 06 - Filter                │         0 │         0 │         0 │         0 │         0 │           1 │               0 │            0 │             0 │          0 │           0 │                 │
├──────────────────────────────────┼───────────┼───────────┼───────────┼───────────┼───────────┼─────────────┼─────────────────┼──────────────┼───────────────┼────────────┼─────────────┼─────────────────┤
│ Stage 07 - DiverseQAStage        │         0 │         0 │        15 │         1 │        14 │           0 │               0 │            0 │             0 │          1 │          29 │                 │
├──────────────────────────────────┼───────────┼───────────┼───────────┼───────────┼───────────┼─────────────┼─────────────────┼──────────────┼───────────────┼────────────┼─────────────┼─────────────────┤
│ Stage 08 - JsonlWriter           │         0 │         0 │        15 │         0 │        15 │           0 │               0 │            0 │             0 │          0 │          30 │                 │
╘══════════════════════════════════╧═══════════╧═══════════╧═══════════╧═══════════╧═══════════╧═════════════╧═════════════════╧══════════════╧═══════════════╧════════════╧═════════════╧═════════════════╛
2026-07-09 18:38:26.414 | INFO     | cosmos_xenna.pipelines.private.streaming:run_pipeline:688 - StreamingExecutor Timing Summary:
  Auto Scaling Apply : 0.000002 seconds
  Pool Update        : 0.000191 seconds
  Auto Scaling Submit: 0.000001 seconds
  Monitor Update     : 0.000012 seconds
  Add Tasks          : 0.000057 seconds
  Sleep              : 0.009548 seconds
  Total              : 0.009810 seconds
2026-07-09 18:39:26.428 | INFO     | cosmos_xenna.pipelines.private.monitoring:update:339 - Pipeline stats:
Pipeline Stats:
Pipeline duration: 9.030949143568675 minutes
Number of initial input samples: 1
Number of input samples remaining: 0
Streaming pipeline main loop rate: 99.444932227823

Cluster Resources:
╒══════════════════════════╤═════════╤═════════════╕
│ Resource                 │   Total │   Available │
╞══════════════════════════╪═════════╪═════════════╡
│ CPUs                     │  32     │    31       │
├──────────────────────────┼─────────┼─────────────┤
│ GPUs                     │   2     │     2       │
├──────────────────────────┼─────────┼─────────────┤
│ Memory (GB)              │ 191.244 │   191.244   │
├──────────────────────────┼─────────┼─────────────┤
│ Object Store Memory (GB) │  10     │     9.99959 │
╘══════════════════════════╧═════════╧═════════════╛

Resource Usage by Stage:
╒══════════════════════════════════╤═════════╤═══════════════╤═══════════════╤════════════════════╤══════════════════════════╕
│ Stage                            │   CPU % │   Memory (GB) │   Actor Count │   CPU % per worker │   Memory (GB) per worker │
╞══════════════════════════════════╪═════════╪═══════════════╪═══════════════╪════════════════════╪══════════════════════════╡
│ Stage 00 - FilePartitioningStage │       0 │          0    │             0 │               0    │                     0    │
├──────────────────────────────────┼─────────┼───────────────┼───────────────┼────────────────────┼──────────────────────────┤
│ Stage 01 - JsonlReaderStage      │       0 │          0    │             0 │               0    │                     0    │
├──────────────────────────────────┼─────────┼───────────────┼───────────────┼────────────────────┼──────────────────────────┤
│ Stage 02 - ScoreFilter           │       0 │          0    │             0 │               0    │                     0    │
├──────────────────────────────────┼─────────┼───────────────┼───────────────┼────────────────────┼──────────────────────────┤
│ Stage 03 - DocumentSplitter      │       0 │          0    │             0 │               0    │                     0    │
├──────────────────────────────────┼─────────┼───────────────┼───────────────┼────────────────────┼──────────────────────────┤
│ Stage 04 - ScoreFilter           │       0 │          0    │             0 │               0    │                     0    │
├──────────────────────────────────┼─────────┼───────────────┼───────────────┼────────────────────┼──────────────────────────┤
│ Stage 05 - DocumentJoiner        │       0 │          0    │             0 │               0    │                     0    │
├──────────────────────────────────┼─────────┼───────────────┼───────────────┼────────────────────┼──────────────────────────┤
│ Stage 06 - Filter                │       0 │          0    │             0 │               0    │                     0    │
├──────────────────────────────────┼─────────┼───────────────┼───────────────┼────────────────────┼──────────────────────────┤
│ Stage 07 - DiverseQAStage        │      13 │          7.88 │            15 │               0.87 │                     0.53 │
├──────────────────────────────────┼─────────┼───────────────┼───────────────┼────────────────────┼──────────────────────────┤
│ Stage 08 - JsonlWriter           │       9 │          1.93 │            15 │               0.6  │                     0.13 │
╘══════════════════════════════════╧═════════╧═══════════════╧═══════════════╧════════════════════╧══════════════════════════╛

Stage state:
╒══════════════════════════════════╤═══════════╤═══════════╤═══════════╤═══════════╤═══════════╤═════════════╤═════════════════╤══════════════╤═══════════════╤════════════╤═════════════╤═════════════════╕
│ Stage                            │   Actors: │   Actors: │   Actors: │   Actors: │   Actors: │      Tasks: │          Tasks: │       Queue: │        Queue: │     Slots: │      Slots: │ Speed:          │
│                                  │    Target │   Pending │     Ready │   Running │      Idle │   Completed │   Returned None │   Input Size │   Output Size │   Num Used │   Num Empty │ Tasks/actor/s   │
╞══════════════════════════════════╪═══════════╪═══════════╪═══════════╪═══════════╪═══════════╪═════════════╪═════════════════╪══════════════╪═══════════════╪════════════╪═════════════╪═════════════════╡
│ Stage 00 - FilePartitioningStage │         0 │         0 │         0 │         0 │         0 │           1 │               0 │            0 │             0 │          0 │           0 │                 │
├──────────────────────────────────┼───────────┼───────────┼───────────┼───────────┼───────────┼─────────────┼─────────────────┼──────────────┼───────────────┼────────────┼─────────────┼─────────────────┤
│ Stage 01 - JsonlReaderStage      │         0 │         0 │         0 │         0 │         0 │           1 │               0 │            0 │             0 │          0 │           0 │                 │
├──────────────────────────────────┼───────────┼───────────┼───────────┼───────────┼───────────┼─────────────┼─────────────────┼──────────────┼───────────────┼────────────┼─────────────┼─────────────────┤
│ Stage 02 - ScoreFilter           │         0 │         0 │         0 │         0 │         0 │           1 │               0 │            0 │             0 │          0 │           0 │                 │
├──────────────────────────────────┼───────────┼───────────┼───────────┼───────────┼───────────┼─────────────┼─────────────────┼──────────────┼───────────────┼────────────┼─────────────┼─────────────────┤
│ Stage 03 - DocumentSplitter      │         0 │         0 │         0 │         0 │         0 │           1 │               0 │            0 │             0 │          0 │           0 │                 │
├──────────────────────────────────┼───────────┼───────────┼───────────┼───────────┼───────────┼─────────────┼─────────────────┼──────────────┼───────────────┼────────────┼─────────────┼─────────────────┤
│ Stage 04 - ScoreFilter           │         0 │         0 │         0 │         0 │         0 │           1 │               0 │            0 │             0 │          0 │           0 │                 │
├──────────────────────────────────┼───────────┼───────────┼───────────┼───────────┼───────────┼─────────────┼─────────────────┼──────────────┼───────────────┼────────────┼─────────────┼─────────────────┤
│ Stage 05 - DocumentJoiner        │         0 │         0 │         0 │         0 │         0 │           1 │               0 │            0 │             0 │          0 │           0 │                 │
├──────────────────────────────────┼───────────┼───────────┼───────────┼───────────┼───────────┼─────────────┼─────────────────┼──────────────┼───────────────┼────────────┼─────────────┼─────────────────┤
│ Stage 06 - Filter                │         0 │         0 │         0 │         0 │         0 │           1 │               0 │            0 │             0 │          0 │           0 │                 │
├──────────────────────────────────┼───────────┼───────────┼───────────┼───────────┼───────────┼─────────────┼─────────────────┼──────────────┼───────────────┼────────────┼─────────────┼─────────────────┤
│ Stage 07 - DiverseQAStage        │         0 │         0 │        15 │         1 │        14 │           0 │               0 │            0 │             0 │          1 │          29 │                 │
├──────────────────────────────────┼───────────┼───────────┼───────────┼───────────┼───────────┼─────────────┼─────────────────┼──────────────┼───────────────┼────────────┼─────────────┼─────────────────┤
│ Stage 08 - JsonlWriter           │         0 │         0 │        15 │         0 │        15 │           0 │               0 │            0 │             0 │          0 │          30 │                 │
╘══════════════════════════════════╧═══════════╧═══════════╧═══════════╧═══════════╧═══════════╧═════════════╧═════════════════╧══════════════╧═══════════════╧════════════╧═════════════╧═════════════════╛
2026-07-09 18:39:26.428 | INFO     | cosmos_xenna.pipelines.private.streaming:run_pipeline:688 - StreamingExecutor Timing Summary:
  Auto Scaling Apply : 0.000001 seconds
  Pool Update        : 0.000186 seconds
  Auto Scaling Submit: 0.000001 seconds
  Monitor Update     : 0.000014 seconds
  Add Tasks          : 0.000060 seconds
  Sleep              : 0.009610 seconds
  Total              : 0.009872 seconds
2026-07-09 18:40:26.441 | INFO     | cosmos_xenna.pipelines.private.monitoring:update:339 - Pipeline stats:
Pipeline Stats:
Pipeline duration: 10.031177759170532 minutes
Number of initial input samples: 1
Number of input samples remaining: 0
Streaming pipeline main loop rate: 99.44468384225641

Cluster Resources:
╒══════════════════════════╤═════════╤═════════════╕
│ Resource                 │   Total │   Available │
╞══════════════════════════╪═════════╪═════════════╡
│ CPUs                     │  32     │    31       │
├──────────────────────────┼─────────┼─────────────┤
│ GPUs                     │   2     │     2       │
├──────────────────────────┼─────────┼─────────────┤
│ Memory (GB)              │ 191.244 │   191.244   │
├──────────────────────────┼─────────┼─────────────┤
│ Object Store Memory (GB) │  10     │     9.99959 │
╘══════════════════════════╧═════════╧═════════════╛

Resource Usage by Stage:
╒══════════════════════════════════╤═════════╤═══════════════╤═══════════════╤════════════════════╤══════════════════════════╕
│ Stage                            │   CPU % │   Memory (GB) │   Actor Count │   CPU % per worker │   Memory (GB) per worker │
╞══════════════════════════════════╪═════════╪═══════════════╪═══════════════╪════════════════════╪══════════════════════════╡
│ Stage 00 - FilePartitioningStage │       0 │          0    │             0 │                0   │                     0    │
├──────────────────────────────────┼─────────┼───────────────┼───────────────┼────────────────────┼──────────────────────────┤
│ Stage 01 - JsonlReaderStage      │       0 │          0    │             0 │                0   │                     0    │
├──────────────────────────────────┼─────────┼───────────────┼───────────────┼────────────────────┼──────────────────────────┤
│ Stage 02 - ScoreFilter           │       0 │          0    │             0 │                0   │                     0    │
├──────────────────────────────────┼─────────┼───────────────┼───────────────┼────────────────────┼──────────────────────────┤
│ Stage 03 - DocumentSplitter      │       0 │          0    │             0 │                0   │                     0    │
├──────────────────────────────────┼─────────┼───────────────┼───────────────┼────────────────────┼──────────────────────────┤
│ Stage 04 - ScoreFilter           │       0 │          0    │             0 │                0   │                     0    │
├──────────────────────────────────┼─────────┼───────────────┼───────────────┼────────────────────┼──────────────────────────┤
│ Stage 05 - DocumentJoiner        │       0 │          0    │             0 │                0   │                     0    │
├──────────────────────────────────┼─────────┼───────────────┼───────────────┼────────────────────┼──────────────────────────┤
│ Stage 06 - Filter                │       0 │          0    │             0 │                0   │                     0    │
├──────────────────────────────────┼─────────┼───────────────┼───────────────┼────────────────────┼──────────────────────────┤
│ Stage 07 - DiverseQAStage        │      12 │          7.88 │            15 │                0.8 │                     0.53 │
├──────────────────────────────────┼─────────┼───────────────┼───────────────┼────────────────────┼──────────────────────────┤
│ Stage 08 - JsonlWriter           │      12 │          1.93 │            15 │                0.8 │                     0.13 │
╘══════════════════════════════════╧═════════╧═══════════════╧═══════════════╧════════════════════╧══════════════════════════╛

Stage state:
╒══════════════════════════════════╤═══════════╤═══════════╤═══════════╤═══════════╤═══════════╤═════════════╤═════════════════╤══════════════╤═══════════════╤════════════╤═════════════╤═════════════════╕
│ Stage                            │   Actors: │   Actors: │   Actors: │   Actors: │   Actors: │      Tasks: │          Tasks: │       Queue: │        Queue: │     Slots: │      Slots: │ Speed:          │
│                                  │    Target │   Pending │     Ready │   Running │      Idle │   Completed │   Returned None │   Input Size │   Output Size │   Num Used │   Num Empty │ Tasks/actor/s   │
╞══════════════════════════════════╪═══════════╪═══════════╪═══════════╪═══════════╪═══════════╪═════════════╪═════════════════╪══════════════╪═══════════════╪════════════╪═════════════╪═════════════════╡
│ Stage 00 - FilePartitioningStage │         0 │         0 │         0 │         0 │         0 │           1 │               0 │            0 │             0 │          0 │           0 │                 │
├──────────────────────────────────┼───────────┼───────────┼───────────┼───────────┼───────────┼─────────────┼─────────────────┼──────────────┼───────────────┼────────────┼─────────────┼─────────────────┤
│ Stage 01 - JsonlReaderStage      │         0 │         0 │         0 │         0 │         0 │           1 │               0 │            0 │             0 │          0 │           0 │                 │
├──────────────────────────────────┼───────────┼───────────┼───────────┼───────────┼───────────┼─────────────┼─────────────────┼──────────────┼───────────────┼────────────┼─────────────┼─────────────────┤
│ Stage 02 - ScoreFilter           │         0 │         0 │         0 │         0 │         0 │           1 │               0 │            0 │             0 │          0 │           0 │                 │
├──────────────────────────────────┼───────────┼───────────┼───────────┼───────────┼───────────┼─────────────┼─────────────────┼──────────────┼───────────────┼────────────┼─────────────┼─────────────────┤
│ Stage 03 - DocumentSplitter      │         0 │         0 │         0 │         0 │         0 │           1 │               0 │            0 │             0 │          0 │           0 │                 │
├──────────────────────────────────┼───────────┼───────────┼───────────┼───────────┼───────────┼─────────────┼─────────────────┼──────────────┼───────────────┼────────────┼─────────────┼─────────────────┤
│ Stage 04 - ScoreFilter           │         0 │         0 │         0 │         0 │         0 │           1 │               0 │            0 │             0 │          0 │           0 │                 │
├──────────────────────────────────┼───────────┼───────────┼───────────┼───────────┼───────────┼─────────────┼─────────────────┼──────────────┼───────────────┼────────────┼─────────────┼─────────────────┤
│ Stage 05 - DocumentJoiner        │         0 │         0 │         0 │         0 │         0 │           1 │               0 │            0 │             0 │          0 │           0 │                 │
├──────────────────────────────────┼───────────┼───────────┼───────────┼───────────┼───────────┼─────────────┼─────────────────┼──────────────┼───────────────┼────────────┼─────────────┼─────────────────┤
│ Stage 06 - Filter                │         0 │         0 │         0 │         0 │         0 │           1 │               0 │            0 │             0 │          0 │           0 │                 │
├──────────────────────────────────┼───────────┼───────────┼───────────┼───────────┼───────────┼─────────────┼─────────────────┼──────────────┼───────────────┼────────────┼─────────────┼─────────────────┤
│ Stage 07 - DiverseQAStage        │         0 │         0 │        15 │         1 │        14 │           0 │               0 │            0 │             0 │          1 │          29 │                 │
├──────────────────────────────────┼───────────┼───────────┼───────────┼───────────┼───────────┼─────────────┼─────────────────┼──────────────┼───────────────┼────────────┼─────────────┼─────────────────┤
│ Stage 08 - JsonlWriter           │         0 │         0 │        15 │         0 │        15 │           0 │               0 │            0 │             0 │          0 │          30 │                 │
╘══════════════════════════════════╧═══════════╧═══════════╧═══════════╧═══════════╧═══════════╧═════════════╧═════════════════╧══════════════╧═══════════════╧════════════╧═════════════╧═════════════════╛
2026-07-09 18:40:26.441 | INFO     | cosmos_xenna.pipelines.private.streaming:run_pipeline:688 - StreamingExecutor Timing Summary:
  Auto Scaling Apply : 0.000000 seconds
  Pool Update        : 0.000115 seconds
  Auto Scaling Submit: 0.000000 seconds
  Monitor Update     : 0.000007 seconds
  Add Tasks          : 0.000030 seconds
  Sleep              : 0.009798 seconds
  Total              : 0.009951 seconds
2026-07-09 18:41:26.454 | INFO     | cosmos_xenna.pipelines.private.monitoring:update:339 - Pipeline stats:
Pipeline Stats:
Pipeline duration: 11.031394906838734 minutes
Number of initial input samples: 1
Number of input samples remaining: 0
Streaming pipeline main loop rate: 99.44642355532127

Cluster Resources:
╒══════════════════════════╤═════════╤═════════════╕
│ Resource                 │   Total │   Available │
╞══════════════════════════╪═════════╪═════════════╡
│ CPUs                     │  32     │    31       │
├──────────────────────────┼─────────┼─────────────┤
│ GPUs                     │   2     │     2       │
├──────────────────────────┼─────────┼─────────────┤
│ Memory (GB)              │ 191.244 │   191.244   │
├──────────────────────────┼─────────┼─────────────┤
│ Object Store Memory (GB) │  10     │     9.99959 │
╘══════════════════════════╧═════════╧═════════════╛

Resource Usage by Stage:
╒══════════════════════════════════╤═════════╤═══════════════╤═══════════════╤════════════════════╤══════════════════════════╕
│ Stage                            │   CPU % │   Memory (GB) │   Actor Count │   CPU % per worker │   Memory (GB) per worker │
╞══════════════════════════════════╪═════════╪═══════════════╪═══════════════╪════════════════════╪══════════════════════════╡
│ Stage 00 - FilePartitioningStage │       0 │          0    │             0 │                0   │                     0    │
├──────────────────────────────────┼─────────┼───────────────┼───────────────┼────────────────────┼──────────────────────────┤
│ Stage 01 - JsonlReaderStage      │       0 │          0    │             0 │                0   │                     0    │
├──────────────────────────────────┼─────────┼───────────────┼───────────────┼────────────────────┼──────────────────────────┤
│ Stage 02 - ScoreFilter           │       0 │          0    │             0 │                0   │                     0    │
├──────────────────────────────────┼─────────┼───────────────┼───────────────┼────────────────────┼──────────────────────────┤
│ Stage 03 - DocumentSplitter      │       0 │          0    │             0 │                0   │                     0    │
├──────────────────────────────────┼─────────┼───────────────┼───────────────┼────────────────────┼──────────────────────────┤
│ Stage 04 - ScoreFilter           │       0 │          0    │             0 │                0   │                     0    │
├──────────────────────────────────┼─────────┼───────────────┼───────────────┼────────────────────┼──────────────────────────┤
│ Stage 05 - DocumentJoiner        │       0 │          0    │             0 │                0   │                     0    │
├──────────────────────────────────┼─────────┼───────────────┼───────────────┼────────────────────┼──────────────────────────┤
│ Stage 06 - Filter                │       0 │          0    │             0 │                0   │                     0    │
├──────────────────────────────────┼─────────┼───────────────┼───────────────┼────────────────────┼──────────────────────────┤
│ Stage 07 - DiverseQAStage        │       9 │          7.88 │            15 │                0.6 │                     0.53 │
├──────────────────────────────────┼─────────┼───────────────┼───────────────┼────────────────────┼──────────────────────────┤
│ Stage 08 - JsonlWriter           │      12 │          1.93 │            15 │                0.8 │                     0.13 │
╘══════════════════════════════════╧═════════╧═══════════════╧═══════════════╧════════════════════╧══════════════════════════╛

Stage state:
╒══════════════════════════════════╤═══════════╤═══════════╤═══════════╤═══════════╤═══════════╤═════════════╤═════════════════╤══════════════╤═══════════════╤════════════╤═════════════╤═════════════════╕
│ Stage                            │   Actors: │   Actors: │   Actors: │   Actors: │   Actors: │      Tasks: │          Tasks: │       Queue: │        Queue: │     Slots: │      Slots: │ Speed:          │
│                                  │    Target │   Pending │     Ready │   Running │      Idle │   Completed │   Returned None │   Input Size │   Output Size │   Num Used │   Num Empty │ Tasks/actor/s   │
╞══════════════════════════════════╪═══════════╪═══════════╪═══════════╪═══════════╪═══════════╪═════════════╪═════════════════╪══════════════╪═══════════════╪════════════╪═════════════╪═════════════════╡
│ Stage 00 - FilePartitioningStage │         0 │         0 │         0 │         0 │         0 │           1 │               0 │            0 │             0 │          0 │           0 │                 │
├──────────────────────────────────┼───────────┼───────────┼───────────┼───────────┼───────────┼─────────────┼─────────────────┼──────────────┼───────────────┼────────────┼─────────────┼─────────────────┤
│ Stage 01 - JsonlReaderStage      │         0 │         0 │         0 │         0 │         0 │           1 │               0 │            0 │             0 │          0 │           0 │                 │
├──────────────────────────────────┼───────────┼───────────┼───────────┼───────────┼───────────┼─────────────┼─────────────────┼──────────────┼───────────────┼────────────┼─────────────┼─────────────────┤
│ Stage 02 - ScoreFilter           │         0 │         0 │         0 │         0 │         0 │           1 │               0 │            0 │             0 │          0 │           0 │                 │
├──────────────────────────────────┼───────────┼───────────┼───────────┼───────────┼───────────┼─────────────┼─────────────────┼──────────────┼───────────────┼────────────┼─────────────┼─────────────────┤
│ Stage 03 - DocumentSplitter      │         0 │         0 │         0 │         0 │         0 │           1 │               0 │            0 │             0 │          0 │           0 │                 │
├──────────────────────────────────┼───────────┼───────────┼───────────┼───────────┼───────────┼─────────────┼─────────────────┼──────────────┼───────────────┼────────────┼─────────────┼─────────────────┤
│ Stage 04 - ScoreFilter           │         0 │         0 │         0 │         0 │         0 │           1 │               0 │            0 │             0 │          0 │           0 │                 │
├──────────────────────────────────┼───────────┼───────────┼───────────┼───────────┼───────────┼─────────────┼─────────────────┼──────────────┼───────────────┼────────────┼─────────────┼─────────────────┤
│ Stage 05 - DocumentJoiner        │         0 │         0 │         0 │         0 │         0 │           1 │               0 │            0 │             0 │          0 │           0 │                 │
├──────────────────────────────────┼───────────┼───────────┼───────────┼───────────┼───────────┼─────────────┼─────────────────┼──────────────┼───────────────┼────────────┼─────────────┼─────────────────┤
│ Stage 06 - Filter                │         0 │         0 │         0 │         0 │         0 │           1 │               0 │            0 │             0 │          0 │           0 │                 │
├──────────────────────────────────┼───────────┼───────────┼───────────┼───────────┼───────────┼─────────────┼─────────────────┼──────────────┼───────────────┼────────────┼─────────────┼─────────────────┤
│ Stage 07 - DiverseQAStage        │         0 │         0 │        15 │         1 │        14 │           0 │               0 │            0 │             0 │          1 │          29 │                 │
├──────────────────────────────────┼───────────┼───────────┼───────────┼───────────┼───────────┼─────────────┼─────────────────┼──────────────┼───────────────┼────────────┼─────────────┼─────────────────┤
│ Stage 08 - JsonlWriter           │         0 │         0 │        15 │         0 │        15 │           0 │               0 │            0 │             0 │          0 │          30 │                 │
╘══════════════════════════════════╧═══════════╧═══════════╧═══════════╧═══════════╧═══════════╧═════════════╧═════════════════╧══════════════╧═══════════════╧════════════╧═════════════╧═════════════════╛
2026-07-09 18:41:26.454 | INFO     | cosmos_xenna.pipelines.private.streaming:run_pipeline:688 - StreamingExecutor Timing Summary:
  Auto Scaling Apply : 0.000001 seconds
  Pool Update        : 0.000149 seconds
  Auto Scaling Submit: 0.000001 seconds
  Monitor Update     : 0.000010 seconds
  Add Tasks          : 0.000042 seconds
  Sleep              : 0.009706 seconds
  Total              : 0.009909 seconds
2026-07-09 18:42:26.470 | INFO     | cosmos_xenna.pipelines.private.monitoring:update:339 - Pipeline stats:
Pipeline Stats:
Pipeline duration: 12.031663187344869 minutes
Number of initial input samples: 1
Number of input samples remaining: 0
Streaming pipeline main loop rate: 99.44432559222842

Cluster Resources:
╒══════════════════════════╤═════════╤═════════════╕
│ Resource                 │   Total │   Available │
╞══════════════════════════╪═════════╪═════════════╡
│ CPUs                     │  32     │    31       │
├──────────────────────────┼─────────┼─────────────┤
│ GPUs                     │   2     │     2       │
├──────────────────────────┼─────────┼─────────────┤
│ Memory (GB)              │ 191.244 │   191.244   │
├──────────────────────────┼─────────┼─────────────┤
│ Object Store Memory (GB) │  10     │     9.99959 │
╘══════════════════════════╧═════════╧═════════════╛

Resource Usage by Stage:
╒══════════════════════════════════╤═════════╤═══════════════╤═══════════════╤════════════════════╤══════════════════════════╕
│ Stage                            │   CPU % │   Memory (GB) │   Actor Count │   CPU % per worker │   Memory (GB) per worker │
╞══════════════════════════════════╪═════════╪═══════════════╪═══════════════╪════════════════════╪══════════════════════════╡
│ Stage 00 - FilePartitioningStage │       0 │          0    │             0 │               0    │                     0    │
├──────────────────────────────────┼─────────┼───────────────┼───────────────┼────────────────────┼──────────────────────────┤
│ Stage 01 - JsonlReaderStage      │       0 │          0    │             0 │               0    │                     0    │
├──────────────────────────────────┼─────────┼───────────────┼───────────────┼────────────────────┼──────────────────────────┤
│ Stage 02 - ScoreFilter           │       0 │          0    │             0 │               0    │                     0    │
├──────────────────────────────────┼─────────┼───────────────┼───────────────┼────────────────────┼──────────────────────────┤
│ Stage 03 - DocumentSplitter      │       0 │          0    │             0 │               0    │                     0    │
├──────────────────────────────────┼─────────┼───────────────┼───────────────┼────────────────────┼──────────────────────────┤
│ Stage 04 - ScoreFilter           │       0 │          0    │             0 │               0    │                     0    │
├──────────────────────────────────┼─────────┼───────────────┼───────────────┼────────────────────┼──────────────────────────┤
│ Stage 05 - DocumentJoiner        │       0 │          0    │             0 │               0    │                     0    │
├──────────────────────────────────┼─────────┼───────────────┼───────────────┼────────────────────┼──────────────────────────┤
│ Stage 06 - Filter                │       0 │          0    │             0 │               0    │                     0    │
├──────────────────────────────────┼─────────┼───────────────┼───────────────┼────────────────────┼──────────────────────────┤
│ Stage 07 - DiverseQAStage        │      11 │          7.88 │            15 │               0.73 │                     0.53 │
├──────────────────────────────────┼─────────┼───────────────┼───────────────┼────────────────────┼──────────────────────────┤
│ Stage 08 - JsonlWriter           │       8 │          1.93 │            15 │               0.53 │                     0.13 │
╘══════════════════════════════════╧═════════╧═══════════════╧═══════════════╧════════════════════╧══════════════════════════╛

Stage state:
╒══════════════════════════════════╤═══════════╤═══════════╤═══════════╤═══════════╤═══════════╤═════════════╤═════════════════╤══════════════╤═══════════════╤════════════╤═════════════╤═════════════════╕
│ Stage                            │   Actors: │   Actors: │   Actors: │   Actors: │   Actors: │      Tasks: │          Tasks: │       Queue: │        Queue: │     Slots: │      Slots: │ Speed:          │
│                                  │    Target │   Pending │     Ready │   Running │      Idle │   Completed │   Returned None │   Input Size │   Output Size │   Num Used │   Num Empty │ Tasks/actor/s   │
╞══════════════════════════════════╪═══════════╪═══════════╪═══════════╪═══════════╪═══════════╪═════════════╪═════════════════╪══════════════╪═══════════════╪════════════╪═════════════╪═════════════════╡
│ Stage 00 - FilePartitioningStage │         0 │         0 │         0 │         0 │         0 │           1 │               0 │            0 │             0 │          0 │           0 │                 │
├──────────────────────────────────┼───────────┼───────────┼───────────┼───────────┼───────────┼─────────────┼─────────────────┼──────────────┼───────────────┼────────────┼─────────────┼─────────────────┤
│ Stage 01 - JsonlReaderStage      │         0 │         0 │         0 │         0 │         0 │           1 │               0 │            0 │             0 │          0 │           0 │                 │
├──────────────────────────────────┼───────────┼───────────┼───────────┼───────────┼───────────┼─────────────┼─────────────────┼──────────────┼───────────────┼────────────┼─────────────┼─────────────────┤
│ Stage 02 - ScoreFilter           │         0 │         0 │         0 │         0 │         0 │           1 │               0 │            0 │             0 │          0 │           0 │                 │
├──────────────────────────────────┼───────────┼───────────┼───────────┼───────────┼───────────┼─────────────┼─────────────────┼──────────────┼───────────────┼────────────┼─────────────┼─────────────────┤
│ Stage 03 - DocumentSplitter      │         0 │         0 │         0 │         0 │         0 │           1 │               0 │            0 │             0 │          0 │           0 │                 │
├──────────────────────────────────┼───────────┼───────────┼───────────┼───────────┼───────────┼─────────────┼─────────────────┼──────────────┼───────────────┼────────────┼─────────────┼─────────────────┤
│ Stage 04 - ScoreFilter           │         0 │         0 │         0 │         0 │         0 │           1 │               0 │            0 │             0 │          0 │           0 │                 │
├──────────────────────────────────┼───────────┼───────────┼───────────┼───────────┼───────────┼─────────────┼─────────────────┼──────────────┼───────────────┼────────────┼─────────────┼─────────────────┤
│ Stage 05 - DocumentJoiner        │         0 │         0 │         0 │         0 │         0 │           1 │               0 │            0 │             0 │          0 │           0 │                 │
├──────────────────────────────────┼───────────┼───────────┼───────────┼───────────┼───────────┼─────────────┼─────────────────┼──────────────┼───────────────┼────────────┼─────────────┼─────────────────┤
│ Stage 06 - Filter                │         0 │         0 │         0 │         0 │         0 │           1 │               0 │            0 │             0 │          0 │           0 │                 │
├──────────────────────────────────┼───────────┼───────────┼───────────┼───────────┼───────────┼─────────────┼─────────────────┼──────────────┼───────────────┼────────────┼─────────────┼─────────────────┤
│ Stage 07 - DiverseQAStage        │         0 │         0 │        15 │         1 │        14 │           0 │               0 │            0 │             0 │          1 │          29 │                 │
├──────────────────────────────────┼───────────┼───────────┼───────────┼───────────┼───────────┼─────────────┼─────────────────┼──────────────┼───────────────┼────────────┼─────────────┼─────────────────┤
│ Stage 08 - JsonlWriter           │         0 │         0 │        15 │         0 │        15 │           0 │               0 │            0 │             0 │          0 │          30 │                 │
╘══════════════════════════════════╧═══════════╧═══════════╧═══════════╧═══════════╧═══════════╧═════════════╧═════════════════╧══════════════╧═══════════════╧════════════╧═════════════╧═════════════════╛
2026-07-09 18:42:26.470 | INFO     | cosmos_xenna.pipelines.private.streaming:run_pipeline:688 - StreamingExecutor Timing Summary:
  Auto Scaling Apply : 0.000001 seconds
  Pool Update        : 0.000108 seconds
  Auto Scaling Submit: 0.000000 seconds
  Monitor Update     : 0.000005 seconds
  Add Tasks          : 0.000026 seconds
  Sleep              : 0.009809 seconds
  Total              : 0.009950 seconds
2026-07-09 18:43:26.484 | INFO     | cosmos_xenna.pipelines.private.monitoring:update:339 - Pipeline stats:
Pipeline Stats:
Pipeline duration: 13.031887006759643 minutes
Number of initial input samples: 1
Number of input samples remaining: 0
Streaming pipeline main loop rate: 99.44355199438165

Cluster Resources:
╒══════════════════════════╤═════════╤═════════════╕
│ Resource                 │   Total │   Available │
╞══════════════════════════╪═════════╪═════════════╡
│ CPUs                     │  32     │    31       │
├──────────────────────────┼─────────┼─────────────┤
│ GPUs                     │   2     │     2       │
├──────────────────────────┼─────────┼─────────────┤
│ Memory (GB)              │ 191.244 │   191.244   │
├──────────────────────────┼─────────┼─────────────┤
│ Object Store Memory (GB) │  10     │     9.99959 │
╘══════════════════════════╧═════════╧═════════════╛

Resource Usage by Stage:
╒══════════════════════════════════╤═════════╤═══════════════╤═══════════════╤════════════════════╤══════════════════════════╕
│ Stage                            │   CPU % │   Memory (GB) │   Actor Count │   CPU % per worker │   Memory (GB) per worker │
╞══════════════════════════════════╪═════════╪═══════════════╪═══════════════╪════════════════════╪══════════════════════════╡
│ Stage 00 - FilePartitioningStage │       0 │          0    │             0 │               0    │                     0    │
├──────────────────────────────────┼─────────┼───────────────┼───────────────┼────────────────────┼──────────────────────────┤
│ Stage 01 - JsonlReaderStage      │       0 │          0    │             0 │               0    │                     0    │
├──────────────────────────────────┼─────────┼───────────────┼───────────────┼────────────────────┼──────────────────────────┤
│ Stage 02 - ScoreFilter           │       0 │          0    │             0 │               0    │                     0    │
├──────────────────────────────────┼─────────┼───────────────┼───────────────┼────────────────────┼──────────────────────────┤
│ Stage 03 - DocumentSplitter      │       0 │          0    │             0 │               0    │                     0    │
├──────────────────────────────────┼─────────┼───────────────┼───────────────┼────────────────────┼──────────────────────────┤
│ Stage 04 - ScoreFilter           │       0 │          0    │             0 │               0    │                     0    │
├──────────────────────────────────┼─────────┼───────────────┼───────────────┼────────────────────┼──────────────────────────┤
│ Stage 05 - DocumentJoiner        │       0 │          0    │             0 │               0    │                     0    │
├──────────────────────────────────┼─────────┼───────────────┼───────────────┼────────────────────┼──────────────────────────┤
│ Stage 06 - Filter                │       0 │          0    │             0 │               0    │                     0    │
├──────────────────────────────────┼─────────┼───────────────┼───────────────┼────────────────────┼──────────────────────────┤
│ Stage 07 - DiverseQAStage        │      14 │          7.88 │            15 │               0.93 │                     0.53 │
├──────────────────────────────────┼─────────┼───────────────┼───────────────┼────────────────────┼──────────────────────────┤
│ Stage 08 - JsonlWriter           │      14 │          1.93 │            15 │               0.93 │                     0.13 │
╘══════════════════════════════════╧═════════╧═══════════════╧═══════════════╧════════════════════╧══════════════════════════╛

Stage state:
╒══════════════════════════════════╤═══════════╤═══════════╤═══════════╤═══════════╤═══════════╤═════════════╤═════════════════╤══════════════╤═══════════════╤════════════╤═════════════╤═════════════════╕
│ Stage                            │   Actors: │   Actors: │   Actors: │   Actors: │   Actors: │      Tasks: │          Tasks: │       Queue: │        Queue: │     Slots: │      Slots: │ Speed:          │
│                                  │    Target │   Pending │     Ready │   Running │      Idle │   Completed │   Returned None │   Input Size │   Output Size │   Num Used │   Num Empty │ Tasks/actor/s   │
╞══════════════════════════════════╪═══════════╪═══════════╪═══════════╪═══════════╪═══════════╪═════════════╪═════════════════╪══════════════╪═══════════════╪════════════╪═════════════╪═════════════════╡
│ Stage 00 - FilePartitioningStage │         0 │         0 │         0 │         0 │         0 │           1 │               0 │            0 │             0 │          0 │           0 │                 │
├──────────────────────────────────┼───────────┼───────────┼───────────┼───────────┼───────────┼─────────────┼─────────────────┼──────────────┼───────────────┼────────────┼─────────────┼─────────────────┤
│ Stage 01 - JsonlReaderStage      │         0 │         0 │         0 │         0 │         0 │           1 │               0 │            0 │             0 │          0 │           0 │                 │
├──────────────────────────────────┼───────────┼───────────┼───────────┼───────────┼───────────┼─────────────┼─────────────────┼──────────────┼───────────────┼────────────┼─────────────┼─────────────────┤
│ Stage 02 - ScoreFilter           │         0 │         0 │         0 │         0 │         0 │           1 │               0 │            0 │             0 │          0 │           0 │                 │
├──────────────────────────────────┼───────────┼───────────┼───────────┼───────────┼───────────┼─────────────┼─────────────────┼──────────────┼───────────────┼────────────┼─────────────┼─────────────────┤
│ Stage 03 - DocumentSplitter      │         0 │         0 │         0 │         0 │         0 │           1 │               0 │            0 │             0 │          0 │           0 │                 │
├──────────────────────────────────┼───────────┼───────────┼───────────┼───────────┼───────────┼─────────────┼─────────────────┼──────────────┼───────────────┼────────────┼─────────────┼─────────────────┤
│ Stage 04 - ScoreFilter           │         0 │         0 │         0 │         0 │         0 │           1 │               0 │            0 │             0 │          0 │           0 │                 │
├──────────────────────────────────┼───────────┼───────────┼───────────┼───────────┼───────────┼─────────────┼─────────────────┼──────────────┼───────────────┼────────────┼─────────────┼─────────────────┤
│ Stage 05 - DocumentJoiner        │         0 │         0 │         0 │         0 │         0 │           1 │               0 │            0 │             0 │          0 │           0 │                 │
├──────────────────────────────────┼───────────┼───────────┼───────────┼───────────┼───────────┼─────────────┼─────────────────┼──────────────┼───────────────┼────────────┼─────────────┼─────────────────┤
│ Stage 06 - Filter                │         0 │         0 │         0 │         0 │         0 │           1 │               0 │            0 │             0 │          0 │           0 │                 │
├──────────────────────────────────┼───────────┼───────────┼───────────┼───────────┼───────────┼─────────────┼─────────────────┼──────────────┼───────────────┼────────────┼─────────────┼─────────────────┤
│ Stage 07 - DiverseQAStage        │         0 │         0 │        15 │         1 │        14 │           0 │               0 │            0 │             0 │          1 │          29 │                 │
├──────────────────────────────────┼───────────┼───────────┼───────────┼───────────┼───────────┼─────────────┼─────────────────┼──────────────┼───────────────┼────────────┼─────────────┼─────────────────┤
│ Stage 08 - JsonlWriter           │         0 │         0 │        15 │         0 │        15 │           0 │               0 │            0 │             0 │          0 │          30 │                 │
╘══════════════════════════════════╧═══════════╧═══════════╧═══════════╧═══════════╧═══════════╧═════════════╧═════════════════╧══════════════╧═══════════════╧════════════╧═════════════╧═════════════════╛
2026-07-09 18:43:26.484 | INFO     | cosmos_xenna.pipelines.private.streaming:run_pipeline:688 - StreamingExecutor Timing Summary:
  Auto Scaling Apply : 0.000001 seconds
  Pool Update        : 0.000148 seconds
  Auto Scaling Submit: 0.000001 seconds
  Monitor Update     : 0.000010 seconds
  Add Tasks          : 0.000045 seconds
  Sleep              : 0.009691 seconds
  Total              : 0.009897 seconds
2026-07-09 18:44:26.502 | INFO     | cosmos_xenna.pipelines.private.monitoring:update:339 - Pipeline stats:
Pipeline Stats:
Pipeline duration: 14.032191371917724 minutes
Number of initial input samples: 1
Number of input samples remaining: 0
Streaming pipeline main loop rate: 99.44251600467433

Cluster Resources:
╒══════════════════════════╤═════════╤═════════════╕
│ Resource                 │   Total │   Available │
╞══════════════════════════╪═════════╪═════════════╡
│ CPUs                     │  32     │    31       │
├──────────────────────────┼─────────┼─────────────┤
│ GPUs                     │   2     │     2       │
├──────────────────────────┼─────────┼─────────────┤
│ Memory (GB)              │ 191.244 │   191.244   │
├──────────────────────────┼─────────┼─────────────┤
│ Object Store Memory (GB) │  10     │     9.99959 │
╘══════════════════════════╧═════════╧═════════════╛

Resource Usage by Stage:
╒══════════════════════════════════╤═════════╤═══════════════╤═══════════════╤════════════════════╤══════════════════════════╕
│ Stage                            │   CPU % │   Memory (GB) │   Actor Count │   CPU % per worker │   Memory (GB) per worker │
╞══════════════════════════════════╪═════════╪═══════════════╪═══════════════╪════════════════════╪══════════════════════════╡
│ Stage 00 - FilePartitioningStage │       0 │          0    │             0 │               0    │                     0    │
├──────────────────────────────────┼─────────┼───────────────┼───────────────┼────────────────────┼──────────────────────────┤
│ Stage 01 - JsonlReaderStage      │       0 │          0    │             0 │               0    │                     0    │
├──────────────────────────────────┼─────────┼───────────────┼───────────────┼────────────────────┼──────────────────────────┤
│ Stage 02 - ScoreFilter           │       0 │          0    │             0 │               0    │                     0    │
├──────────────────────────────────┼─────────┼───────────────┼───────────────┼────────────────────┼──────────────────────────┤
│ Stage 03 - DocumentSplitter      │       0 │          0    │             0 │               0    │                     0    │
├──────────────────────────────────┼─────────┼───────────────┼───────────────┼────────────────────┼──────────────────────────┤
│ Stage 04 - ScoreFilter           │       0 │          0    │             0 │               0    │                     0    │
├──────────────────────────────────┼─────────┼───────────────┼───────────────┼────────────────────┼──────────────────────────┤
│ Stage 05 - DocumentJoiner        │       0 │          0    │             0 │               0    │                     0    │
├──────────────────────────────────┼─────────┼───────────────┼───────────────┼────────────────────┼──────────────────────────┤
│ Stage 06 - Filter                │       0 │          0    │             0 │               0    │                     0    │
├──────────────────────────────────┼─────────┼───────────────┼───────────────┼────────────────────┼──────────────────────────┤
│ Stage 07 - DiverseQAStage        │      10 │          7.88 │            15 │               0.67 │                     0.53 │
├──────────────────────────────────┼─────────┼───────────────┼───────────────┼────────────────────┼──────────────────────────┤
│ Stage 08 - JsonlWriter           │      11 │          1.93 │            15 │               0.73 │                     0.13 │
╘══════════════════════════════════╧═════════╧═══════════════╧═══════════════╧════════════════════╧══════════════════════════╛

Stage state:
╒══════════════════════════════════╤═══════════╤═══════════╤═══════════╤═══════════╤═══════════╤═════════════╤═════════════════╤══════════════╤═══════════════╤════════════╤═════════════╤═════════════════╕
│ Stage                            │   Actors: │   Actors: │   Actors: │   Actors: │   Actors: │      Tasks: │          Tasks: │       Queue: │        Queue: │     Slots: │      Slots: │ Speed:          │
│                                  │    Target │   Pending │     Ready │   Running │      Idle │   Completed │   Returned None │   Input Size │   Output Size │   Num Used │   Num Empty │ Tasks/actor/s   │
╞══════════════════════════════════╪═══════════╪═══════════╪═══════════╪═══════════╪═══════════╪═════════════╪═════════════════╪══════════════╪═══════════════╪════════════╪═════════════╪═════════════════╡
│ Stage 00 - FilePartitioningStage │         0 │         0 │         0 │         0 │         0 │           1 │               0 │            0 │             0 │          0 │           0 │                 │
├──────────────────────────────────┼───────────┼───────────┼───────────┼───────────┼───────────┼─────────────┼─────────────────┼──────────────┼───────────────┼────────────┼─────────────┼─────────────────┤
│ Stage 01 - JsonlReaderStage      │         0 │         0 │         0 │         0 │         0 │           1 │               0 │            0 │             0 │          0 │           0 │                 │
├──────────────────────────────────┼───────────┼───────────┼───────────┼───────────┼───────────┼─────────────┼─────────────────┼──────────────┼───────────────┼────────────┼─────────────┼─────────────────┤
│ Stage 02 - ScoreFilter           │         0 │         0 │         0 │         0 │         0 │           1 │               0 │            0 │             0 │          0 │           0 │                 │
├──────────────────────────────────┼───────────┼───────────┼───────────┼───────────┼───────────┼─────────────┼─────────────────┼──────────────┼───────────────┼────────────┼─────────────┼─────────────────┤
│ Stage 03 - DocumentSplitter      │         0 │         0 │         0 │         0 │         0 │           1 │               0 │            0 │             0 │          0 │           0 │                 │
├──────────────────────────────────┼───────────┼───────────┼───────────┼───────────┼───────────┼─────────────┼─────────────────┼──────────────┼───────────────┼────────────┼─────────────┼─────────────────┤
│ Stage 04 - ScoreFilter           │         0 │         0 │         0 │         0 │         0 │           1 │               0 │            0 │             0 │          0 │           0 │                 │
├──────────────────────────────────┼───────────┼───────────┼───────────┼───────────┼───────────┼─────────────┼─────────────────┼──────────────┼───────────────┼────────────┼─────────────┼─────────────────┤
│ Stage 05 - DocumentJoiner        │         0 │         0 │         0 │         0 │         0 │           1 │               0 │            0 │             0 │          0 │           0 │                 │
├──────────────────────────────────┼───────────┼───────────┼───────────┼───────────┼───────────┼─────────────┼─────────────────┼──────────────┼───────────────┼────────────┼─────────────┼─────────────────┤
│ Stage 06 - Filter                │         0 │         0 │         0 │         0 │         0 │           1 │               0 │            0 │             0 │          0 │           0 │                 │
├──────────────────────────────────┼───────────┼───────────┼───────────┼───────────┼───────────┼─────────────┼─────────────────┼──────────────┼───────────────┼────────────┼─────────────┼─────────────────┤
│ Stage 07 - DiverseQAStage        │         0 │         0 │        15 │         1 │        14 │           0 │               0 │            0 │             0 │          1 │          29 │                 │
├──────────────────────────────────┼───────────┼───────────┼───────────┼───────────┼───────────┼─────────────┼─────────────────┼──────────────┼───────────────┼────────────┼─────────────┼─────────────────┤
│ Stage 08 - JsonlWriter           │         0 │         0 │        15 │         0 │        15 │           0 │               0 │            0 │             0 │          0 │          30 │                 │
╘══════════════════════════════════╧═══════════╧═══════════╧═══════════╧═══════════╧═══════════╧═════════════╧═════════════════╧══════════════╧═══════════════╧════════════╧═════════════╧═════════════════╛
2026-07-09 18:44:26.502 | INFO     | cosmos_xenna.pipelines.private.streaming:run_pipeline:688 - StreamingExecutor Timing Summary:
  Auto Scaling Apply : 0.000001 seconds
  Pool Update        : 0.000163 seconds
  Auto Scaling Submit: 0.000000 seconds
  Monitor Update     : 0.000009 seconds
  Add Tasks          : 0.000046 seconds
  Sleep              : 0.009621 seconds
  Total              : 0.009840 seconds
2026-07-09 18:45:26.520 | INFO     | cosmos_xenna.pipelines.private.monitoring:update:339 - Pipeline stats:
Pipeline Stats:
Pipeline duration: 15.03248420159022 minutes
Number of initial input samples: 1
Number of input samples remaining: 0
Streaming pipeline main loop rate: 99.43806778501585

Cluster Resources:
╒══════════════════════════╤═════════╤═════════════╕
│ Resource                 │   Total │   Available │
╞══════════════════════════╪═════════╪═════════════╡
│ CPUs                     │  32     │    31       │
├──────────────────────────┼─────────┼─────────────┤
│ GPUs                     │   2     │     2       │
├──────────────────────────┼─────────┼─────────────┤
│ Memory (GB)              │ 191.244 │   191.244   │
├──────────────────────────┼─────────┼─────────────┤
│ Object Store Memory (GB) │  10     │     9.99959 │
╘══════════════════════════╧═════════╧═════════════╛

Resource Usage by Stage:
╒══════════════════════════════════╤═════════╤═══════════════╤═══════════════╤════════════════════╤══════════════════════════╕
│ Stage                            │   CPU % │   Memory (GB) │   Actor Count │   CPU % per worker │   Memory (GB) per worker │
╞══════════════════════════════════╪═════════╪═══════════════╪═══════════════╪════════════════════╪══════════════════════════╡
│ Stage 00 - FilePartitioningStage │       0 │          0    │             0 │                0   │                     0    │
├──────────────────────────────────┼─────────┼───────────────┼───────────────┼────────────────────┼──────────────────────────┤
│ Stage 01 - JsonlReaderStage      │       0 │          0    │             0 │                0   │                     0    │
├──────────────────────────────────┼─────────┼───────────────┼───────────────┼────────────────────┼──────────────────────────┤
│ Stage 02 - ScoreFilter           │       0 │          0    │             0 │                0   │                     0    │
├──────────────────────────────────┼─────────┼───────────────┼───────────────┼────────────────────┼──────────────────────────┤
│ Stage 03 - DocumentSplitter      │       0 │          0    │             0 │                0   │                     0    │
├──────────────────────────────────┼─────────┼───────────────┼───────────────┼────────────────────┼──────────────────────────┤
│ Stage 04 - ScoreFilter           │       0 │          0    │             0 │                0   │                     0    │
├──────────────────────────────────┼─────────┼───────────────┼───────────────┼────────────────────┼──────────────────────────┤
│ Stage 05 - DocumentJoiner        │       0 │          0    │             0 │                0   │                     0    │
├──────────────────────────────────┼─────────┼───────────────┼───────────────┼────────────────────┼──────────────────────────┤
│ Stage 06 - Filter                │       0 │          0    │             0 │                0   │                     0    │
├──────────────────────────────────┼─────────┼───────────────┼───────────────┼────────────────────┼──────────────────────────┤
│ Stage 07 - DiverseQAStage        │      12 │          7.88 │            15 │                0.8 │                     0.53 │
├──────────────────────────────────┼─────────┼───────────────┼───────────────┼────────────────────┼──────────────────────────┤
│ Stage 08 - JsonlWriter           │       9 │          1.93 │            15 │                0.6 │                     0.13 │
╘══════════════════════════════════╧═════════╧═══════════════╧═══════════════╧════════════════════╧══════════════════════════╛

Stage state:
╒══════════════════════════════════╤═══════════╤═══════════╤═══════════╤═══════════╤═══════════╤═════════════╤═════════════════╤══════════════╤═══════════════╤════════════╤═════════════╤═════════════════╕
│ Stage                            │   Actors: │   Actors: │   Actors: │   Actors: │   Actors: │      Tasks: │          Tasks: │       Queue: │        Queue: │     Slots: │      Slots: │ Speed:          │
│                                  │    Target │   Pending │     Ready │   Running │      Idle │   Completed │   Returned None │   Input Size │   Output Size │   Num Used │   Num Empty │ Tasks/actor/s   │
╞══════════════════════════════════╪═══════════╪═══════════╪═══════════╪═══════════╪═══════════╪═════════════╪═════════════════╪══════════════╪═══════════════╪════════════╪═════════════╪═════════════════╡
│ Stage 00 - FilePartitioningStage │         0 │         0 │         0 │         0 │         0 │           1 │               0 │            0 │             0 │          0 │           0 │                 │
├──────────────────────────────────┼───────────┼───────────┼───────────┼───────────┼───────────┼─────────────┼─────────────────┼──────────────┼───────────────┼────────────┼─────────────┼─────────────────┤
│ Stage 01 - JsonlReaderStage      │         0 │         0 │         0 │         0 │         0 │           1 │               0 │            0 │             0 │          0 │           0 │                 │
├──────────────────────────────────┼───────────┼───────────┼───────────┼───────────┼───────────┼─────────────┼─────────────────┼──────────────┼───────────────┼────────────┼─────────────┼─────────────────┤
│ Stage 02 - ScoreFilter           │         0 │         0 │         0 │         0 │         0 │           1 │               0 │            0 │             0 │          0 │           0 │                 │
├──────────────────────────────────┼───────────┼───────────┼───────────┼───────────┼───────────┼─────────────┼─────────────────┼──────────────┼───────────────┼────────────┼─────────────┼─────────────────┤
│ Stage 03 - DocumentSplitter      │         0 │         0 │         0 │         0 │         0 │           1 │               0 │            0 │             0 │          0 │           0 │                 │
├──────────────────────────────────┼───────────┼───────────┼───────────┼───────────┼───────────┼─────────────┼─────────────────┼──────────────┼───────────────┼────────────┼─────────────┼─────────────────┤
│ Stage 04 - ScoreFilter           │         0 │         0 │         0 │         0 │         0 │           1 │               0 │            0 │             0 │          0 │           0 │                 │
├──────────────────────────────────┼───────────┼───────────┼───────────┼───────────┼───────────┼─────────────┼─────────────────┼──────────────┼───────────────┼────────────┼─────────────┼─────────────────┤
│ Stage 05 - DocumentJoiner        │         0 │         0 │         0 │         0 │         0 │           1 │               0 │            0 │             0 │          0 │           0 │                 │
├──────────────────────────────────┼───────────┼───────────┼───────────┼───────────┼───────────┼─────────────┼─────────────────┼──────────────┼───────────────┼────────────┼─────────────┼─────────────────┤
│ Stage 06 - Filter                │         0 │         0 │         0 │         0 │         0 │           1 │               0 │            0 │             0 │          0 │           0 │                 │
├──────────────────────────────────┼───────────┼───────────┼───────────┼───────────┼───────────┼─────────────┼─────────────────┼──────────────┼───────────────┼────────────┼─────────────┼─────────────────┤
│ Stage 07 - DiverseQAStage        │         0 │         0 │        15 │         1 │        14 │           0 │               0 │            0 │             0 │          1 │          29 │                 │
├──────────────────────────────────┼───────────┼───────────┼───────────┼───────────┼───────────┼─────────────┼─────────────────┼──────────────┼───────────────┼────────────┼─────────────┼─────────────────┤
│ Stage 08 - JsonlWriter           │         0 │         0 │        15 │         0 │        15 │           0 │               0 │            0 │             0 │          0 │          30 │                 │
╘══════════════════════════════════╧═══════════╧═══════════╧═══════════╧═══════════╧═══════════╧═════════════╧═════════════════╧══════════════╧═══════════════╧════════════╧═════════════╧═════════════════╛
2026-07-09 18:45:26.520 | INFO     | cosmos_xenna.pipelines.private.streaming:run_pipeline:688 - StreamingExecutor Timing Summary:
  Auto Scaling Apply : 0.000001 seconds
  Pool Update        : 0.000101 seconds
  Auto Scaling Submit: 0.000000 seconds
  Monitor Update     : 0.000010 seconds
  Add Tasks          : 0.000037 seconds
  Sleep              : 0.009761 seconds
  Total              : 0.009910 seconds
2026-07-09 18:46:26.533 | INFO     | cosmos_xenna.pipelines.private.monitoring:update:339 - Pipeline stats:
Pipeline Stats:
Pipeline duration: 16.032702871163686 minutes
Number of initial input samples: 1
Number of input samples remaining: 0
Streaming pipeline main loop rate: 99.44253457839856

Cluster Resources:
╒══════════════════════════╤═════════╤═════════════╕
│ Resource                 │   Total │   Available │
╞══════════════════════════╪═════════╪═════════════╡
│ CPUs                     │  32     │    31       │
├──────────────────────────┼─────────┼─────────────┤
│ GPUs                     │   2     │     2       │
├──────────────────────────┼─────────┼─────────────┤
│ Memory (GB)              │ 191.244 │   191.244   │
├──────────────────────────┼─────────┼─────────────┤
│ Object Store Memory (GB) │  10     │     9.99959 │
╘══════════════════════════╧═════════╧═════════════╛

Resource Usage by Stage:
╒══════════════════════════════════╤═════════╤═══════════════╤═══════════════╤════════════════════╤══════════════════════════╕
│ Stage                            │   CPU % │   Memory (GB) │   Actor Count │   CPU % per worker │   Memory (GB) per worker │
╞══════════════════════════════════╪═════════╪═══════════════╪═══════════════╪════════════════════╪══════════════════════════╡
│ Stage 00 - FilePartitioningStage │       0 │          0    │             0 │               0    │                     0    │
├──────────────────────────────────┼─────────┼───────────────┼───────────────┼────────────────────┼──────────────────────────┤
│ Stage 01 - JsonlReaderStage      │       0 │          0    │             0 │               0    │                     0    │
├──────────────────────────────────┼─────────┼───────────────┼───────────────┼────────────────────┼──────────────────────────┤
│ Stage 02 - ScoreFilter           │       0 │          0    │             0 │               0    │                     0    │
├──────────────────────────────────┼─────────┼───────────────┼───────────────┼────────────────────┼──────────────────────────┤
│ Stage 03 - DocumentSplitter      │       0 │          0    │             0 │               0    │                     0    │
├──────────────────────────────────┼─────────┼───────────────┼───────────────┼────────────────────┼──────────────────────────┤
│ Stage 04 - ScoreFilter           │       0 │          0    │             0 │               0    │                     0    │
├──────────────────────────────────┼─────────┼───────────────┼───────────────┼────────────────────┼──────────────────────────┤
│ Stage 05 - DocumentJoiner        │       0 │          0    │             0 │               0    │                     0    │
├──────────────────────────────────┼─────────┼───────────────┼───────────────┼────────────────────┼──────────────────────────┤
│ Stage 06 - Filter                │       0 │          0    │             0 │               0    │                     0    │
├──────────────────────────────────┼─────────┼───────────────┼───────────────┼────────────────────┼──────────────────────────┤
│ Stage 07 - DiverseQAStage        │      12 │          7.88 │            15 │               0.8  │                     0.53 │
├──────────────────────────────────┼─────────┼───────────────┼───────────────┼────────────────────┼──────────────────────────┤
│ Stage 08 - JsonlWriter           │      11 │          1.93 │            15 │               0.73 │                     0.13 │
╘══════════════════════════════════╧═════════╧═══════════════╧═══════════════╧════════════════════╧══════════════════════════╛

Stage state:
╒══════════════════════════════════╤═══════════╤═══════════╤═══════════╤═══════════╤═══════════╤═════════════╤═════════════════╤══════════════╤═══════════════╤════════════╤═════════════╤═════════════════╕
│ Stage                            │   Actors: │   Actors: │   Actors: │   Actors: │   Actors: │      Tasks: │          Tasks: │       Queue: │        Queue: │     Slots: │      Slots: │ Speed:          │
│                                  │    Target │   Pending │     Ready │   Running │      Idle │   Completed │   Returned None │   Input Size │   Output Size │   Num Used │   Num Empty │ Tasks/actor/s   │
╞══════════════════════════════════╪═══════════╪═══════════╪═══════════╪═══════════╪═══════════╪═════════════╪═════════════════╪══════════════╪═══════════════╪════════════╪═════════════╪═════════════════╡
│ Stage 00 - FilePartitioningStage │         0 │         0 │         0 │         0 │         0 │           1 │               0 │            0 │             0 │          0 │           0 │                 │
├──────────────────────────────────┼───────────┼───────────┼───────────┼───────────┼───────────┼─────────────┼─────────────────┼──────────────┼───────────────┼────────────┼─────────────┼─────────────────┤
│ Stage 01 - JsonlReaderStage      │         0 │         0 │         0 │         0 │         0 │           1 │               0 │            0 │             0 │          0 │           0 │                 │
├──────────────────────────────────┼───────────┼───────────┼───────────┼───────────┼───────────┼─────────────┼─────────────────┼──────────────┼───────────────┼────────────┼─────────────┼─────────────────┤
│ Stage 02 - ScoreFilter           │         0 │         0 │         0 │         0 │         0 │           1 │               0 │            0 │             0 │          0 │           0 │                 │
├──────────────────────────────────┼───────────┼───────────┼───────────┼───────────┼───────────┼─────────────┼─────────────────┼──────────────┼───────────────┼────────────┼─────────────┼─────────────────┤
│ Stage 03 - DocumentSplitter      │         0 │         0 │         0 │         0 │         0 │           1 │               0 │            0 │             0 │          0 │           0 │                 │
├──────────────────────────────────┼───────────┼───────────┼───────────┼───────────┼───────────┼─────────────┼─────────────────┼──────────────┼───────────────┼────────────┼─────────────┼─────────────────┤
│ Stage 04 - ScoreFilter           │         0 │         0 │         0 │         0 │         0 │           1 │               0 │            0 │             0 │          0 │           0 │                 │
├──────────────────────────────────┼───────────┼───────────┼───────────┼───────────┼───────────┼─────────────┼─────────────────┼──────────────┼───────────────┼────────────┼─────────────┼─────────────────┤
│ Stage 05 - DocumentJoiner        │         0 │         0 │         0 │         0 │         0 │           1 │               0 │            0 │             0 │          0 │           0 │                 │
├──────────────────────────────────┼───────────┼───────────┼───────────┼───────────┼───────────┼─────────────┼─────────────────┼──────────────┼───────────────┼────────────┼─────────────┼─────────────────┤
│ Stage 06 - Filter                │         0 │         0 │         0 │         0 │         0 │           1 │               0 │            0 │             0 │          0 │           0 │                 │
├──────────────────────────────────┼───────────┼───────────┼───────────┼───────────┼───────────┼─────────────┼─────────────────┼──────────────┼───────────────┼────────────┼─────────────┼─────────────────┤
│ Stage 07 - DiverseQAStage        │         0 │         0 │        15 │         1 │        14 │           0 │               0 │            0 │             0 │          1 │          29 │                 │
├──────────────────────────────────┼───────────┼───────────┼───────────┼───────────┼───────────┼─────────────┼─────────────────┼──────────────┼───────────────┼────────────┼─────────────┼─────────────────┤
│ Stage 08 - JsonlWriter           │         0 │         0 │        15 │         0 │        15 │           0 │               0 │            0 │             0 │          0 │          30 │                 │
╘══════════════════════════════════╧═══════════╧═══════════╧═══════════╧═══════════╧═══════════╧═════════════╧═════════════════╧══════════════╧═══════════════╧════════════╧═════════════╧═════════════════╛
2026-07-09 18:46:26.533 | INFO     | cosmos_xenna.pipelines.private.streaming:run_pipeline:688 - StreamingExecutor Timing Summary:
  Auto Scaling Apply : 0.000001 seconds
  Pool Update        : 0.000168 seconds
  Auto Scaling Submit: 0.000000 seconds
  Monitor Update     : 0.000009 seconds
  Add Tasks          : 0.000046 seconds
  Sleep              : 0.009616 seconds
  Total              : 0.009841 seconds
[36m(Stage 07 - DiverseQAStage pid=3507)[0m Using blocking ray.get inside async actor. This blocks the event loop. Please use `await` on object ref with asyncio.gather if you want to yield execution to the event loop instead.[32m [repeated 7x across cluster] (Ray deduplicates logs by default. Set RAY_DEDUP_LOGS=0 to disable log deduplication, or see https://docs.ray.io/en/master/ray-observability/user-guides/configure-logging.html#log-deduplication for more options.)[0m
